country,domain
Afghanistan,afghan.biz
Afghanistan,afghan.co.uk
Afghanistan,afghan.de
Afghanistan,afghan.info
Afghanistan,afghan.net
Afghanistan,afghan.org
Afghanistan,afghan.us
Afghanistan,afghanistan.com
Albania,albania.com
Albania,albanianworld.net
Albania,albaniaonline.net
Albania,albmail.com
Albania,albnet.net
Albania,albweb.com
Algeria,algeria.biz
Algeria,algeria.com
Algeria,algeria.net
Algeria,algeria.org
Algeria,algeria.us
Algeria,algeriaonline.net
Algeria,algerie.com
Algeria,dz.com
Angola,angolamail.com
Angola,angolaweb.com
Argentina,arnet.com.ar
Argentina,ciudad.com.ar
Argentina,fibertel.com.ar
Argentina,sinectis.com.ar
Argentina,speedy.com.ar
Argentina,telecentro.net.ar
Argentina,terra.com.ar
Armenia,list.am
Armenia,mail.am
Armenia,mail.beeline.am
Armenia,mail.itex.am
Armenia,mail.netsys.am
Armenia,mail.ucom.am
Australia,aapt.net.au
Australia,bigpond.com
Australia,iinet.net.au
Australia,internode.on.net
Australia,netspace.net.au
Australia,ozemail.com.au
Australia,telstra.com
Australia,tpg.com.au
Australia,westnet.com.au
Australia,fastmail.com
Austria,aon.at
Austria,chello.at
Austria,gmx.at
Austria,inode.at
Austria,kabsi.at
Austria,mur.at
Austria,vol.at
Austria,wien.at
Azerbaijan,azdata.az
Azerbaijan,azerbaijan.az
Azerbaijan,azeronline.az
Azerbaijan,baknet.net
Azerbaijan,day.az
Azerbaijan,mail.az
Bahamas,bahamas.bs
Bahamas,bahamas.com
Bahamas,bahamas.net
Bahamas,bahamas.net.bs
Bahamas,bahamaslocal.com
Bahamas,bahamaspages.com
Bahrain,bahrain.bh
Bahrain,bahrain.com
Bahrain,bahrain.net
Bahrain,bahrainonline.net
Bahrain,bahraintelecom.com
Bahrain,bh.net
Bangladesh,bd.biz
Bangladesh,bd.co
Bangladesh,bd.co.uk
Bangladesh,bd.org
Bangladesh,bdmail.com
Belarus,gazeta.by
Belarus,mail.by
Belarus,tut.ru
Belarus,yandex.by
Belgium,belgacom.be
Belgium,orange.be
Belgium,proximus.be
Belgium,skynet.be
Belgium,telenet.be
Belgium,uclouvain.be
Belgium,ugent.be
Belgium,ulb.ac.be
Belgium,voo.be
Belgium,vub.ac.be
Belgium,mail.be
Belgium,outlook.be
Belgium,pandora.be
Belgium,scarlet.be
Belize,belize.com
Belize,belize.net
Belize,belize.org
Belize,belizecity.com
Belize,belizecity.net
Belize,belizecity.org
Belize,belizehost.com
Belize,belizeit.com
Benin,benin.biz
Benin,benin.com
Benin,benin.me
Benin,benin.name
Benin,benin.pro
Benin,benin.tv
Bhutan,bhutanpost.bt
Bhutan,druknet.bt
Bolivia,bolivia.com
Bolivia,entelnet.bo
Bolivia,tigo.com.bo
Bolivia,unitel.bo
Bolivia,viva.bo
Bosnia and Herzegovina,bhtelecom.ba
Bosnia and Herzegovina,bih.net.ba
Botswana,botsnet.bw
Botswana,info.bw
Brazil,bol.com.br
Brazil,globo.com
Brazil,ig.com.br
Brazil,terra.com.br
Brazil,uol.com.br
Brazil,yahoo.com.br
Brunei,bn.net
Brunei,brunei-online.com
Brunei,brunei.biz
Brunei,brunei.info
Brunei,brunei.me
Brunei,brunet.bn
Bulgaria,abv.bg
Bulgaria,bg-mail.com
Bulgaria,bg-net.net
Bulgaria,bgnet.bg
Bulgaria,dir.bg
Bulgaria,gbg.bg
Bulgaria,mail.bg
Burkina Faso,burkina.net
Burundi,burundi.bi
Burundi,yahoo.bi
C√¥te d'Ivoire,abidjan.net
C√¥te d'Ivoire,africamail.net
C√¥te d'Ivoire,africamail.org
C√¥te d'Ivoire,ivoiremail.ci
C√¥te d'Ivoire,laposte.ci
C√¥te d'Ivoire,mail.ci
C√¥te d'Ivoire,orange.ci
Cabo Verde,cabonet.cv
Cabo Verde,cv.pt
Cabo Verde,sapo.cv
Cambodia,cambodia.biz
Cambodia,cambodia.com
Cambodia,cambodia.name
Cambodia,cambodia.net
Cambodia,cambodia.org
Cambodia,camnet.com.kh
Cambodia,khmeronline.com
Cameroon,camnet.cm
Cameroon,camtel.cm
Cameroon,cnps.cm
Cameroon,yacast.net
Canada,bell.net
Canada,cogeco.ca
Canada,mymts.net
Canada,rogers.com
Canada,shaw.ca
Canada,sympatico.ca
Canada,telus.net
Canada,fido.ca
Canada,videotron.ca
Central African Republic,cafonline.org
Central African Republic,caribsurf.com
Chad,tdnet.com
Chile,adinet.com.uy
Chile,123.cl
Chile,cox.cl
Chile,gtdinternet.com
Chile,intercom.cl
Chile,terra.cl
Chile,vtr.cl
China,126.com
China,163.com
China,189.cn
China,21cn.com
China,qq.com
China,sina.com
China,sohu.com
China,tom.com
China,yeah.net
China,foxmail.com
Colombia,colombia.co
Colombia,colombia.com
Colombia,colombia.es
Colombia,colombia.me
Colombia,colombia.net
Colombia,colombia.org
Colombia,colombia.tv
Colombia,colombiamail.com
Congo,congo.cd
Congo,congolink.com
Costa Rica,itcr.ac.cr
Costa Rica,racsa.co.cr
Costa Rica,ucenfotec.ac.cr
Costa Rica,ucimed.ac.cr
Costa Rica,ucr.ac.cr
Costa Rica,ulacit.ac.cr
Costa Rica,una.ac.cr
Croatia,iskon.hr
Croatia,mail.hr
Croatia,net.hr
Croatia,t-com.hr
Croatia,vip.hr
Cuba,cubava.cu
Cuba,infomed.sld.cu
Cuba,ucab.edu.ve
Cuba,uci.cu
Cuba,ula.ve
Cyprus,cnet.com.cy
Cyprus,cwcyprus.com
Cyprus,cyta.com.cy
Cyprus,cytanet.com.cy
Cyprus,primetel.com.cy
Czech Republic (Czechia),atlas.cz
Czech Republic (Czechia),azet.cz
Czech Republic (Czechia),centrum.cz
Czech Republic (Czechia),email.cz
Czech Republic (Czechia),post.cz
Czech Republic (Czechia),seznam.cz
Czech Republic (Czechia),tiscali.cz
Czech Republic (Czechia),volny.cz
Denmark,dk-hostmaster.dk
Denmark,get2net.dk
Denmark,jubii.dk
Denmark,mail.dk
Denmark,ofir.dk
Denmark,post.tele.dk
Denmark,priv.dk
Denmark,sol.dk
Denmark,webmail.dk
Denmark,youmail.dk
Denmark,gmail.dk
Denmark,hotmail.dk
Djibouti,orange.dj
Djibouti,yahoo.dj
Dominican Republic,claro.com.do
Dominican Republic,codetel.net.do
Dominican Republic,one.com.do
Dominican Republic,tricom.net
Dominican Republic,verizon.net.do
Dominican Republic,viva.com.do
Dominican Republic,windtelecom.com.do
DR Congo,congopage.com
DR Congo,voila.cd
Ecuador,ecuadormail.com
Ecuador,ecuadortimes.net
Ecuador,ecuamail.com
Ecuador,ecuamail.net
Ecuador,elcable.net
Ecuador,eluniverso.com
Ecuador,expreso.ec
Egypt,egmail.com
Egypt,egyptmail.com
Egypt,egyptmail.net
El Salvador,elsalvador.com
El Salvador,elsalvador.gob.sv
El Salvador,salvador.com
El Salvador,svnet.org
Equatorial Guinea,eg.com
Equatorial Guinea,equatorialguinea.com
Equatorial Guinea,gq.com
Equatorial Guinea,gu.com
Equatorial Guinea,guineeequatoriale.com
Eritrea,eritel.net
Eritrea,eritrea.co.uk
Eritrea,eritrea.co.za
Eritrea,eritrea.com
Eritrea,eritrea.info
Eritrea,eritrea.net
Eritrea,eritrea.org
Estonia,edu.ee
Estonia,ee.ee
Estonia,eesti.ee
Estonia,neti.ee
Estonia,online.ee
Estonia,postimees.ee
Estonia,riigikantselei.ee
Estonia,zen.ee
Estonia,mail.ee
Eswatini,eswatini.info
Eswatini,eswatini.org
Eswatini,eswatini.ws
Ethiopia,ethionet.et
Ethiopia,etnet.et
Fiji,connect.com.fj
Fiji,fijimail.com
Fiji,fj.mail.outlook.com
Finland,aalto.fi
Finland,aland.net
Finland,helsinki.fi
Finland,jyu.fi
Finland,kolumbus.fi
Finland,lut.fi
Finland,oulu.fi
Finland,suomi24.fi
Finland,tampere.fi
Finland,turku.fi
Finland,gmail.fi
Finland,luukku.com
Finland,saunalahti.fi
Finland,edu.hel.fi
Finland,luukku.fi
Finland,netti.fi
Finland,kotinet.com
Finland,wippies.com
France,aliceadsl.fr
France,free.fr
France,laposte.net
France,numericable.fr
France,orange.fr
France,sfr.fr
France,wanadoo.fr
France,neuf.fr
France,aol.fr
France,hotmail.fr
France,voila.fr
Gabon,gabononline.ga
Gambia,gm.biz
Gambia,gm.co.uk
Gambia,gm.co.za
Gambia,gm.com
Gambia,gm.org
Gambia,qanet.gm
Georgia,gldani.com
Georgia,gldani.info
Georgia,mail.ge
Germany,web.de
Germany,1und1.de
Germany,arcor.de
Germany,freenet.de
Germany,gmx.de
Germany,mail.de
Germany,outlook.de
Germany,posteo.de
Germany,t-online.de
Germany,gmx.com
Germany,gmx.net
Germany,hotmail.de
Germany,mailbox.org
Ghana,ghanamail.com
Greece,freemail.gr
Greece,greekmail.com
Greece,in.gr
Greece,mail.gr
Greece,mail.ntua.gr
Greece,mail.uoa.gr
Greece,otenet.gr
Guadeloupe,ovh.net
Guadeloupe,gandi.net
Guadeloupe,netcourrier.com
Guatemala,gt.biz
Guatemala,gt.com
Guatemala,gt.edu
Guatemala,gt.net
Guatemala,gt.org
Guatemala,gt.pl
Guatemala,guatemala.com
Guinea,guinee.net
Guinea,guinee.org
Guinea-Bissau,bissau.com
Guinea-Bissau,gb.net
Guinea-Bissau,gb.org
Guinea-Bissau,guineabissau.com
Guinea-Bissau,guineabissau.info
Guinea-Bissau,guineabissau.net
Guinea-Bissau,guineabissau.org
Guyana,guyanamail.com
Haiti,haiti-liberte.com
Haiti,haiti-reference.com
Honduras,honduras.com
Honduras,honduras.hn
Honduras,hondutel.hn
Honduras,laprensa.hn
Honduras,latribuna.hn
Hong Kong,hkbn.net
Hong Kong,hknet.com
Hong Kong,hkstar.com
Hong Kong,netvigator.com
Hungary,citromail.hu
Hungary,freemail.hu
Hungary,indamail.hu
Hungary,invitel.hu
Hungary,mailbox.hu
Hungary,t-online.hu
Hungary,vipmail.hu
Iceland,365.is
Iceland,islandia.is
Iceland,lhi.is
Iceland,nes.is
Iceland,ruv.is
Iceland,simnet.is
Iceland,tt.is
Iceland,vodafone.is
India,sify.com
India,aol.in
India,indiatimes.com
India,live.in
India,yahoo.co.in
India,zoho.com
Indonesia,ymail.com
Indonesia,biznetnetworks.com
Indonesia,plasa.com
Indonesia,telkom.net.id
Indonesia,telkomsel.com
Indonesia,yahoo.co.id
International,rediffmail.com
International,gmail.com
International,hotmail.com
International,mail.com
International,outlook.com
International,asia.com
International,email.com
International,hush.com
International,hushmail.com
International,ovi.com
International,protonmail.com
International,tutanota.com
International,tutanota.de
International,yopmail.com
Iran,iranmail.com
Iran,iranmail.net
Iran,mail.ir
Iran,post.ir
Iraq,mail.uobabylon.edu.iq
Iraq,mail.uokufa.edu.iq
Ireland,blueyonder.co.uk
Ireland,eircom.net
Ireland,esatclear.ie
Ireland,iol.ie
Ireland,vodafone.ie
Israel,011.net.il
Israel,012.net.il
Israel,013.net
Israel,014.net.il
Israel,barak.net.il
Israel,bezeqint.net
Israel,netvision.net.il
Israel,walla.co.il
Italy,alice.it
Italy,aruba.it
Italy,email.it
Italy,libero.it
Italy,pec.it
Italy,poste.it
Italy,tin.it
Italy,tiscali.it
Italy,virgilio.it
Italy,hotmail.it
Italy,terra.it
Italy,tim.it
Italy,vodafone.it
Jamaica,jamaicagleaner.com
Jamaica,jamaicamail.com
Jamaica,jamaicantimes.com
Jamaica,jamaicapost.gov.jm
Jamaica,jamaicatradeandinvest.org
Japan,aol.jp
Japan,biglobe.ne.jp
Japan,docomo.ne.jp
Japan,ezweb.ne.jp
Japan,inter7.jp
Japan,nifty.com
Japan,so-net.ne.jp
Japan,hotmail.co.jp
Jordan,jo.biz
Jordan,jo.co
Jordan,jo.com
Jordan,jo.me
Jordan,jo.org
Jordan,joemail.com
Kazakhstan,mail.kz
Kazakhstan,mail.kz.net
Kazakhstan,mail15.com
Kazakhstan,yandex.kz
Kenya,ke.co.ke
Kenya,kenya-airways.com
Kenya,kenya-today.co.ke
Kenya,kenyaweb.com
Kenya,kplc.co.ke
Kenya,orange.co.ke
Kenya,safaricom.co.ke
Kenya,telkom.co.ke
Kuwait,kw.biz
Kuwait,kw.co
Kuwait,kw.com
Kuwait,kw.net
Kuwait,kw.org
Kuwait,kw.tv
Kuwait,kwmail.com
Kyrgyzstan,mail.kg
Laos,lao.co
Laos,lao.com
Laos,lao.info
Laos,lao.me
Laos,lao.net
Laos,lao.org
Laos,lao.tv
Laos,laos.net
Latvia,apollo.lv
Latvia,balticom.lv
Latvia,draugiem.lv
Latvia,inbox.lv
Latvia,latnet.lv
Latvia,latvija.lv
Latvia,lv.lv
Latvia,mail.lv
Latvia,microsoft.lv
Lebanon,lb.com
Lebanon,leb.org
Lebanon,lebanon.com
Lebanon,lebanon.net
Lebanon,lebanon.org
Lebanon,lebanonmail.com
Lebanon,lebmail.com
Lesotho,lesotho.co.ls
Lesotho,lesotho.net
Lesotho,lesotho.org
Liberia,liberia.com
Liberia,liberian.com
Liberia,liberian.net
Liberia,liberian.org
Liberia,liberiaonline.net
Libya,libyamail.com
Lithuania,balticum.lt
Lithuania,inbox.lt
Lithuania,lt.tc
Lithuania,mail.lt
Luxembourg,lu.biz
Luxembourg,lu.com
Luxembourg,lu.net
Luxembourg,lu.org
Luxembourg,luxtrust.com
Luxembourg,luxtrust.lu
Luxembourg,pt.lu
Luxembourg,vdl.lu
Macao,macau.com
Macao,macau.ctm.net
Macao,macau.org
Macao,umac.mo
Madagascar,gov.mg
Malawi,malawi.biz
Malawi,malawi.co.uk
Malawi,malawi.co.za
Malawi,malawi.com
Malawi,malawi.net
Malawi,malawi.org
Malaysia,myjaring.com
Malaysia,mykad.com.my
Maldives,maldives.com
Maldives,maldives.com.mv
Maldives,maldives.net
Maldives,maldives.net.mv
Maldives,mv.net
Mali,mali-online.net
Mali,maliweb.ml
Mali,orange.ml
Malta,di-ve.com
Malta,go.com.mt
Malta,maltanet.net
Martinique,martinique.com
Martinique,martinique.fr
Martinique,martinique.org
Martinique,orange.mq
Mauritania,intnet.mu
Mauritania,mauritius.com
Mauritania,mauritius.net
Mauritania,mauritius.org
Mexico,itam.mx
Mexico,live.com.mx
Mexico,msn.com.mx
Mexico,outlook.com.mx
Mexico,prodigy.net.mx
Mexico,telmex.net.mx
Mexico,terra.com.mx
Mexico,unam.mx
Micronesia,mail.fm
Micronesia,micronesia.fm
Micronesia,ws.net
Micronesia,yap.fm
Moldova,md.biz
Moldova,md.co.uk
Moldova,md.net
Moldova,md.org
Moldova,md.us.com
Mongolia,mongol.info
Mongolia,mongol.net
Mongolia,mongolpost.mn
Montenegro,me.net
Montenegro,mt.com
Montenegro,mt.net
Montenegro,mt.org
Montenegro,yu.com
Montenegro,yu.net
Montenegro,yu.org
Morocco,iam.ma
Morocco,inwi.ma
Morocco,maktoob.com
Morocco,maroc.ma
Morocco,meditel.ma
Morocco,menara.ma
Morocco,orange.ma
Morocco,topnet.ma
Morocco,wana.ma
Mozambique,tvcabo.co.mz
Mozambique,uem.mz
Myanmar,myanmar.co
Myanmar,myanmar.com
Myanmar,myanmar.me
Myanmar,myanmar.net
Myanmar,myanmar.org
Myanmar,myanmar.us
Namibia,namibian.com
Namibia,namibian.com.na
Namibia,namibian.info
Namibia,namibian.net
Namibia,namibian.org
Namibia,namibweb.com
Namibia,webmail.iway.na
Nepal,info.com.np
Nepal,mail.com.np
Nepal,mail.mos.com.np
Nepal,mos.com.np
Nepal,nepal.com
Nepal,wlink.com.np
Netherlands,home.nl
Netherlands,kpnmail.nl
Netherlands,live.nl
Netherlands,planet.nl
Netherlands,quicknet.nl
Netherlands,telfort.nl
Netherlands,vodafone.nl
Netherlands,xs4all.nl
Netherlands,ziggo.nl
Netherlands,orange.nl
New Zealand,xtra.co.nz
New Zealand,2degreesmobile.co.nz
New Zealand,actrix.co.nz
New Zealand,clear.net.nz
New Zealand,orcon.net.nz
New Zealand,paradise.net.nz
New Zealand,slingshot.co.nz
New Zealand,vodafone.co.nz
New Zealand,wave.co.nz
Nicaragua,nic.ni
Nicaragua,unanleon.edu.ni
Nigeria,mail.ng
Nigeria,naij.com
Nigeria,yandex.com
North Korea,koreadmz.com
North Korea,koreamail.com
North Macedonia,macedonia.com.mk
North Macedonia,mail.mk
North Macedonia,mt.com.mk
North Macedonia,on.net.mk
North Macedonia,t-home.mk
North Macedonia,vip.mk
Norway,broadpark.no
Norway,epost.no
Norway,getmail.no
Norway,inbox.no
Norway,nextgentel.com
Norway,online.no
Norway,post.no
Norway,posten.no
Norway,webmail.no
Norway,runbox.com
Norway,start.no
Norway,telenor.no
Norway,hotmail.no
Oman,omanair.om
Oman,omanmobile.net
Oman,omanmobile.om
Oman,omanpost.om
Pakistan,yahoo.com.pk
Panama,cableonda.net
Panama,cwp.net.pa
Papua New Guinea,png.com
Papua New Guinea,png.net
Papua New Guinea,png.org
Paraguay,paraguay.com
Paraguay,paraguay.gov.py
Paraguay,paraguay.net
Paraguay,paraguay.org
Peru,inbox.com.pe
Peru,mail.pe
Peru,terra.com.pe
Philippines,mail2world.com
Philippines,mymail.ph
Philippines,outlook.ph
Philippines,ph.mg4.mail.yahoo.com
Philippines,ph.mg5.mail.yahoo.com
Philippines,ph.mg6.mail.yahoo.com
Philippines,ph.yahoo.com
Poland,gazeta.pl
Poland,home.pl
Poland,interia.pl
Poland,o2.pl
Poland,poczta.fm
Poland,poczta.onet.pl
Poland,poczta.pl
Poland,tlen.pl
Poland,wp.pl
Poland,interia.eu
Poland,onet.pl
Portugal,mail.cm-santarem.pt
Portugal,mail.cm-setubal.pt
Portugal,mail.pt
Portugal,mail.telepac.pt
Portugal,netcabo.pt
Portugal,olx.pt
Portugal,pt.vu
Portugal,sapo.pt
Puerto Rico,borinquen.com
Puerto Rico,coqui.net
Puerto Rico,prcc.net
Puerto Rico,prtc.net
Puerto Rico,prtel.com
Puerto Rico,prwifi.com
Qatar,qatar.biz
Qatar,qatar.co
Qatar,qatar.im
Qatar,qatar.me
Qatar,qatar.net
Qatar,qatar.org
Qatar,qatar.ws
R√©union,club-internet.fr
Romania,mail.ro
Romania,mail.yahoo.com
Romania,rdsnet.ro
Romania,romania.ro
Romania,webmail.ro
Romania,ymail.ro
Russia,akm.ru
Russia,bk.ru
Russia,mail.ru
Russia,inbox.ru
Russia,list.ru
Russia,yandex.ru
Russia,rambler.ru
Russia,ya.ru
Rwanda,rw.rwandatel.com
Rwanda,rw.rwandatoday.com
Rwanda,rw.rwandaweb.com
Saudi Arabia,saudia.net
Saudi Arabia,saudimail.com
Senegal,orange.sn
Senegal,senelec.sn
Senegal,snds.sn
Serbia,yubc.net
Serbia,beotel.net
Serbia,open.rs
Serbia,sbb.rs
Serbia,verat.net
Sierra Leone,sierratel.net
Sierra Leone,sierratel.sl
Sierra Leone,slnet.org
Singapore,asiaonline.net
Singapore,myrepublic.net
Singapore,pacific.net.sg
Singapore,singnet.com.sg
Singapore,singtel.com
Singapore,starhub.com
Singapore,vgs.sg
Slovakia,centrum.sk
Slovakia,atlas.sk
Slovakia,azet.sk
Slovakia,orange.sk
Slovakia,pobox.sk
Slovakia,post.sk
Slovakia,slovanet.sk
Slovakia,t-zones.sk
Slovakia,zoznam.sk
Slovakia,inmail.sk
Slovenia,a1.net
Slovenia,s5.net
Slovenia,siol.net
Slovenia,t-2.net
Slovenia,volja.net
Somalia,golis.net
Somalia,so.com
Somalia,som.so
Somalia,somnet.net
Somalia,somtel.com
Somalia,somtel.net
Somalia,telesom.net
Somalia,web.so
South Africa,lantic.net
South Africa,afrihost.co.za
South Africa,axxess.co.za
South Africa,cybersmart.co.za
South Africa,mweb.co.za
South Africa,telkom.net
South Africa,telkomsa.net
South Africa,vodamail.co.za
South Africa,webmail.co.za
South Korea,chol.com
South Korea,daum.net
South Korea,dreamwiz.com
South Korea,empal.com
South Korea,freechal.com
South Korea,hanmail.net
South Korea,hitel.net
South Korea,lycos.co.kr
South Korea,naver.com
South Korea,paran.com
South Sudan,sudanese.com.au
South Sudan,sudansite.net
Spain,euskalnet.net
Spain,terra.es
Spain,uca.es
Spain,ugr.es
Spain,unizar.es
Spain,uvigo.es
Spain,orange.es
Sri Lanka,lankamail.net
State of Palestine,alquds.edu
State of Palestine,paltel.ps
Sudan,sudanese.com
Sudan,sudanese.info
Sudan,sudanese.net
Sudan,sudanese.org
Sudan,sudan.net
Sudan,sudanese.co
Sudan,sudanmail.com
Suriname,sr.biz
Suriname,sr.co
Suriname,sr.com
Suriname,sr.net
Suriname,sr.org
Suriname,sr.ws
Sweden,alice.se
Sweden,bahnhof.se
Sweden,bredband.net
Sweden,comhem.se
Sweden,ownit.se
Sweden,passagen.se
Sweden,spray.se
Sweden,tele2.se
Sweden,telia.com
Sweden,tre.se
Sweden,home.se
Sweden,hotmail.se
Sweden,yahoo.se
Sweden,bredband2.com
Sweden,halebop.se
Switzerland,bluewin.ch
Switzerland,gmx.ch
Switzerland,hispeed.ch
Switzerland,mail.ch
Switzerland,posteo.ch
Switzerland,sunrise.ch
Switzerland,swissonline.ch
Syria,syriamail.com
Taiwan,hinet.net
Taiwan,mail2000.com.tw
Taiwan,ms3.hinet.net
Taiwan,pchome.com.tw
Taiwan,seed.net.tw
Taiwan,so-net.net.tw
Taiwan,tpts5.seed.net.tw
Tajikistan,mail.tj
Tajikistan,tj.am
Tajikistan,tj.by
Tajikistan,tj.kz
Tajikistan,tj.ru
Tajikistan,tj.su
Tajikistan,tj.ua
Tanzania,tz.biz
Tanzania,tz.org
Thailand,thaimail.com
Thailand,thaimail.info
Thailand,thaimail.org
Timor-Leste,timor-leste.org
Timor-Leste,tl.net
Timor-Leste,tl.tl
Togo,togolese.com
Trinidad and Tobago,trinidad.co
Trinidad and Tobago,trinidad.com
Trinidad and Tobago,trinidad.info
Trinidad and Tobago,trinidad.net
Trinidad and Tobago,trinidad.org
Trinidad and Tobago,trinidadexpress.com
Trinidad and Tobago,ttconnect.gov.tt
Tunisia,gnet.tn
Tunisia,orange.tn
Tunisia,planet.tn
Tunisia,tlm.tn
Tunisia,topnet.tn
Tunisia,tt.tn
Tunisia,tunet.tn
Turkey,kablonet.com.tr
Turkey,mynet.com
Turkey,netone.com.tr
Turkey,superonline.net
Turkey,turknet.net
Turkey,metu.edu.tr
Turkmenistan,mail.tm
Turkmenistan,online.tm
Turkmenistan,tm.biz.tm
Turkmenistan,tm.info.tm
Turkmenistan,tm.name.tm
Turkmenistan,tm.us.tm
Uganda,africamail.com
Uganda,africa2trust.com
Uganda,rwanda1.com
Uganda,ugandamail.com
Uganda,ugandanet.com
Uganda,ugandaonline.net
Ukraine,bigmir.net
Ukraine,i.ua
Ukraine,meta.ua
Ukraine,rambler.ua
Ukraine,ukr.net
United Arab Emirates,ae.msn.com
United Kingdom,ntlworld.com
United Kingdom,talktalk.net
United Kingdom,aol.co.uk
United Kingdom,btinternet.com
United Kingdom,live.co.uk
United Kingdom,sky.com
United Kingdom,virginmedia.com
United Kingdom,gmx.co.uk
United Kingdom,hotmail.co.uk
United Kingdom,mail.co.uk
United Kingdom,tiscali.co.uk
United Kingdom,yahoo.co.uk
United States,icloud.com
United States,aol.com
United States,live.com
United States,me.com
United States,comcast.net
United States,verizon.net
United States,yahoo.com
United States,aim.com
United States,ameritech.net
United States,att.com
United States,att.net
United States,bellsouth.net
United States,centurylink.net
United States,cfl.rr.com
United States,charter.net
United States,cox.com
United States,cox.net
United States,cs.com
United States,earthlink.net
United States,embarqmail.com
United States,excite.com
United States,frontier.com
United States,frontiernet.net
United States,fuse.net
United States,hughes.net
United States,insightbb.com
United States,juno.com
United States,lycos.com
United States,mailchimp.com
United States,mailinator.com
United States,netscape.net
United States,pacbell.net
United States,peoplepc.com
United States,q.com
United States,rcn.com
United States,rocketmail.com
United States,snet.net
United States,windstream.net
Uruguay,montevideo.com.uy
Uruguay,uruguay.net
Uruguay,uruguay.org
Uruguay,uruguay.org.uy
Uruguay,uy.com
Uruguay,uy.net
Uruguay,uymail.com
Uzbekistan,mail.uz
Uzbekistan,uzinfocom.uz
Uzbekistan,uzland.uz
Uzbekistan,uzps.uz
Uzbekistan,uzsci.net
Uzbekistan,uztelecom.uz
Venezuela,cantv.net
Venezuela,correo.com.ve
Venezuela,hotmail.es
Venezuela,yahoo.es
Vietnam,fpt.vn
Vietnam,vietnamairlines.vn
Vietnam,vietnamnet.vn
Vietnam,viettel.vn
Vietnam,vinaphone.vn
Vietnam,vnn.vn
Vietnam,vnpt.vn
Western Sahara,sahara.com
Western Sahara,saharamail.com
Western Sahara,saharanet.com
Yemen,yemen.com.ye
Zambia,zamnet.co.zm
Zambia,zamnet.com
Zambia,zamnet.net
Zambia,zamnet.zm
Zambia,zamtel.com
Zambia,zamtel.zm
Zimbabwe,africaonline.co.zw
Zimbabwe,zim.co.zw
Zimbabwe,zimhost.co.zw
Zimbabwe,zimpost.co.zw
Zimbabwe,zol.co.zw
Unknown (on spam domain list),020.co.uk
Unknown (on spam domain list),123box.net
Unknown (on spam domain list),123india.com
Unknown (on spam domain list),123mail.org
Unknown (on spam domain list),138mail.com
Unknown (on spam domain list),141.ro
Unknown (on spam domain list),150mail.com
Unknown (on spam domain list),150ml.com
Unknown (on spam domain list),16mail.com
Unknown (on spam domain list),1963chevrolet.com
Unknown (on spam domain list),1963pontiac.com
Unknown (on spam domain list),1st-website.com
Unknown (on spam domain list),2-mail.com
Unknown (on spam domain list),20after4.com
Unknown (on spam domain list),24h.co.jp
Unknown (on spam domain list),24horas.com
Unknown (on spam domain list),271soundview.com
Unknown (on spam domain list),2die4.com
Unknown (on spam domain list),2mydns.com
Unknown (on spam domain list),2net.us
Unknown (on spam domain list),3000.it
Unknown (on spam domain list),3ammagazine.com
Unknown (on spam domain list),3email.com
Unknown (on spam domain list),3xl.net
Unknown (on spam domain list),444.net
Unknown (on spam domain list),4email.net
Unknown (on spam domain list),50mail.com
Unknown (on spam domain list),55mail.cc
Unknown (on spam domain list),5fm.za.com
Unknown (on spam domain list),6sens.com
Unknown (on spam domain list),702mail.co.za
Unknown (on spam domain list),7110.hu
Unknown (on spam domain list),8848.net
Unknown (on spam domain list),8m.net
Unknown (on spam domain list),8u8.com
Unknown (on spam domain list),about.com
Unknown (on spam domain list),acceso.or.cr
Unknown (on spam domain list),access4less.net
Unknown (on spam domain list),accessgcc.com
Unknown (on spam domain list),acmemail.net
Unknown (on spam domain list),adiga.com
Unknown (on spam domain list),adres.nl
Unknown (on spam domain list),advalvas.be
Unknown (on spam domain list),aeiou.pt
Unknown (on spam domain list),afrik.com
Unknown (on spam domain list),afropoets.com
Unknown (on spam domain list),aggies.com
Unknown (on spam domain list),ahaa.dk
Unknown (on spam domain list),aichi.com
Unknown (on spam domain list),airpost.net
Unknown (on spam domain list),aiutamici.com
Unknown (on spam domain list),aklan.com
Unknown (on spam domain list),aknet.kg
Unknown (on spam domain list),alavatotal.com
Unknown (on spam domain list),albafind.com
Unknown (on spam domain list),albawaba.com
Unknown (on spam domain list),alburaq.net
Unknown (on spam domain list),aliyun.com
Unknown (on spam domain list),alexandria.cc
Unknown (on spam domain list),allmail.net
Unknown (on spam domain list),altavista.se
Unknown (on spam domain list),alternativagratis.com
Unknown (on spam domain list),alum.com
Unknown (on spam domain list),alunos.unipar.br
Unknown (on spam domain list),alvilag.hu
Unknown (on spam domain list),amenworld.com
Unknown (on spam domain list),america.hm
Unknown (on spam domain list),americamail.com
Unknown (on spam domain list),amorous.com
Unknown (on spam domain list),ananzi.co.za
Unknown (on spam domain list),anfmail.com
Unknown (on spam domain list),angelfire.com
Unknown (on spam domain list),animail.net
Unknown (on spam domain list),aniverse.com
Unknown (on spam domain list),another.com
Unknown (on spam domain list),antwerpen.com
Unknown (on spam domain list),anunciador.net
Unknown (on spam domain list),anytimenow.com
Unknown (on spam domain list),apexmail.com
Unknown (on spam domain list),approvers.net
Unknown (on spam domain list),aprava.com
Unknown (on spam domain list),apropo.ro
Unknown (on spam domain list),argentina.com
Unknown (on spam domain list),army.com
Unknown (on spam domain list),aroma.com
Unknown (on spam domain list),arrl.net
Unknown (on spam domain list),asheville.com
Unknown (on spam domain list),asia-links.com
Unknown (on spam domain list),asiamail.com
Unknown (on spam domain list),assala.com
Unknown (on spam domain list),assamesemail.com
Unknown (on spam domain list),asurfer.com
Unknown (on spam domain list),atl.lv
Unknown (on spam domain list),atozasia.com
Unknown (on spam domain list),au.ru
Unknown (on spam domain list),aubenin.com
Unknown (on spam domain list),aus-city.com
Unknown (on spam domain list),aussiemail.com.au
Unknown (on spam domain list),avasmail.com.mv
Unknown (on spam domain list),axarnet.com
Unknown (on spam domain list),ayna.com
Unknown (on spam domain list),babbalu.com
Unknown (on spam domain list),badgers.com
Unknown (on spam domain list),bakpaka.com
Unknown (on spam domain list),baluch.com
Unknown (on spam domain list),bama-fan.com
Unknown (on spam domain list),bancora.net
Unknown (on spam domain list),bankersmail.com
Unknown (on spam domain list),beeebank.com
Unknown (on spam domain list),beehive.org
Unknown (on spam domain list),been-there.com
Unknown (on spam domain list),beirut.com
Unknown (on spam domain list),belizehome.com
Unknown (on spam domain list),belizemail.net
Unknown (on spam domain list),berlin.de
Unknown (on spam domain list),bestmail.us
Unknown (on spam domain list),bflomail.com
Unknown (on spam domain list),bgnmail.com
Unknown (on spam domain list),big-orange.com
Unknown (on spam domain list),bigboss.cz
Unknown (on spam domain list),bigfoot.com
Unknown (on spam domain list),bigger.com
Unknown (on spam domain list),bigmailbox.com
Unknown (on spam domain list),bigstring.com
Unknown (on spam domain list),bip.net
Unknown (on spam domain list),biz.by
Unknown (on spam domain list),bizhosting.com
Unknown (on spam domain list),blink182.net
Unknown (on spam domain list),blue.devils.com
Unknown (on spam domain list),blvds.com
Unknown (on spam domain list),bolando.com
Unknown (on spam domain list),bollywood2000.com
Unknown (on spam domain list),bollywoodz.com
Unknown (on spam domain list),bonbon.net
Unknown (on spam domain list),boom.com
Unknown (on spam domain list),bootmail.com
Unknown (on spam domain list),bostonoffice.com
Unknown (on spam domain list),box.az
Unknown (on spam domain list),boxbg.com
Unknown (on spam domain list),boxemail.com
Unknown (on spam domain list),bravanese.com
Unknown (on spam domain list),brazilmail.com.br
Unknown (on spam domain list),breathe.com
Unknown (on spam domain list),brestonline.com
Unknown (on spam domain list),brfree.com.br
Unknown (on spam domain list),brujula.net
Unknown (on spam domain list),btcc.org
Unknown (on spam domain list),buffaloes.com
Unknown (on spam domain list),bulgaria.com
Unknown (on spam domain list),bulldogs.com
Unknown (on spam domain list),bumerang.ro
Unknown (on spam domain list),burntmail.com
Unknown (on spam domain list),butch-femme.net
Unknown (on spam domain list),buzy.com
Unknown (on spam domain list),c-box.cz
Unknown (on spam domain list),c3.hu
Unknown (on spam domain list),c4.com
Unknown (on spam domain list),cadinfo.net
Unknown (on spam domain list),calcfacil.com.br
Unknown (on spam domain list),calcware.org
Unknown (on spam domain list),camaroclubsweden.com
Unknown (on spam domain list),canada.com
Unknown (on spam domain list),canal21.com
Unknown (on spam domain list),canoemail.com
Unknown (on spam domain list),caramail.com
Unknown (on spam domain list),cardblvd.com
Unknown (on spam domain list),care-mail.com
Unknown (on spam domain list),care2.com
Unknown (on spam domain list),caress.com
Unknown (on spam domain list),cashette.com
Unknown (on spam domain list),casino.com
Unknown (on spam domain list),casinomail.com
Unknown (on spam domain list),cataloniamail.com
Unknown (on spam domain list),catalunyamail.com
Unknown (on spam domain list),cataz.com
Unknown (on spam domain list),catcha.com
Unknown (on spam domain list),catholic.org
Unknown (on spam domain list),caths.co.uk
Unknown (on spam domain list),cc.lv
Unknown (on spam domain list),cemelli.com
Unknown (on spam domain list),centoper.it
Unknown (on spam domain list),cercaziende.it
Unknown (on spam domain list),cgac.es
Unknown (on spam domain list),chaiyo.com
Unknown (on spam domain list),chance2mail.com
Unknown (on spam domain list),channelonetv.com
Unknown (on spam domain list),chattown.com
Unknown (on spam domain list),chelny.com
Unknown (on spam domain list),cheshiremail.com
Unknown (on spam domain list),chillimail.com
Unknown (on spam domain list),china.com
Unknown (on spam domain list),christianmail.org
Unknown (on spam domain list),cine.com
Unknown (on spam domain list),ciphercom.net
Unknown (on spam domain list),citynetusa.com
Unknown (on spam domain list),classicmail.co.za
Unknown (on spam domain list),cliffhanger.com
Unknown (on spam domain list),cluemail.com
Unknown (on spam domain list),clujnapoca.ro
Unknown (on spam domain list),collegeclub.com
Unknown (on spam domain list),comfortable.com
Unknown (on spam domain list),compaqnet.fr
Unknown (on spam domain list),compuserve.com
Unknown (on spam domain list),computer.net
Unknown (on spam domain list),computhouse.com
Unknown (on spam domain list),conevyt.org.mx
Unknown (on spam domain list),coolgoose.com
Unknown (on spam domain list),coolkiwi.com
Unknown (on spam domain list),coolmail.com
Unknown (on spam domain list),coolmail.net
Unknown (on spam domain list),coolsend.com
Unknown (on spam domain list),cooltoad.com
Unknown (on spam domain list),cooperation.net
Unknown (on spam domain list),copacabana.com
Unknown (on spam domain list),copticmail.com
Unknown (on spam domain list),corporateattorneys.com
Unknown (on spam domain list),correomagico.com
Unknown (on spam domain list),cosmo.com
Unknown (on spam domain list),cougars.com
Unknown (on spam domain list),count.com
Unknown (on spam domain list),couple.com
Unknown (on spam domain list),critterpost.com
Unknown (on spam domain list),crosspaths.net
Unknown (on spam domain list),crosswinds.net
Unknown (on spam domain list),csucsposta.hu
Unknown (on spam domain list),cumbriamail.com
Unknown (on spam domain list),curio-city.com
Unknown (on spam domain list),custmail.com
Unknown (on spam domain list),cww.de
Unknown (on spam domain list),cyberaccess.com.pk
Unknown (on spam domain list),cybergirls.dk
Unknown (on spam domain list),cybernet.it
Unknown (on spam domain list),cymail.net
Unknown (on spam domain list),dada.net
Unknown (on spam domain list),dailypioneer.com
Unknown (on spam domain list),dansegulvet.com
Unknown (on spam domain list),dayzers.com
Unknown (on spam domain list),dcemail.com
Unknown (on spam domain list),dcsi.net
Unknown (on spam domain list),deacons.com
Unknown (on spam domain list),deal-maker.com
Unknown (on spam domain list),degoo.com
Unknown (on spam domain list),delfi.lv
Unknown (on spam domain list),delhimail.com
Unknown (on spam domain list),desertonline.com
Unknown (on spam domain list),desidrivers.com
Unknown (on spam domain list),despammed.com
Unknown (on spam domain list),detik.com
Unknown (on spam domain list),devils.com
Unknown (on spam domain list),dexara.net
Unknown (on spam domain list),dhmail.net
Unknown (on spam domain list),didamail.com
Unknown (on spam domain list),digitaltrue.com
Unknown (on spam domain list),direccion.com
Unknown (on spam domain list),director-general.com
Unknown (on spam domain list),diri.com
Unknown (on spam domain list),discardmail.com
Unknown (on spam domain list),discoverymail.net
Unknown (on spam domain list),disinfo.net
Unknown (on spam domain list),djmillenium.com
Unknown (on spam domain list),dmailman.com
Unknown (on spam domain list),dnsmadeeasy.com
Unknown (on spam domain list),do.net.ar
Unknown (on spam domain list),dodgeit.com
Unknown (on spam domain list),doityourself.com
Unknown (on spam domain list),domaindiscover.com
Unknown (on spam domain list),domainmanager.com
Unknown (on spam domain list),doneasy.com
Unknown (on spam domain list),dontexist.org
Unknown (on spam domain list),dores.com
Unknown (on spam domain list),dostmail.com
Unknown (on spam domain list),dot5hosting.com
Unknown (on spam domain list),dotcom.fr
Unknown (on spam domain list),dotnow.com
Unknown (on spam domain list),dott.it
Unknown (on spam domain list),doubt.com
Unknown (on spam domain list),dragoncon.net
Unknown (on spam domain list),dragonfans.com
Unknown (on spam domain list),dropzone.com
Unknown (on spam domain list),dserver.org
Unknown (on spam domain list),dubaiwebcity.com
Unknown (on spam domain list),dublin.ie
Unknown (on spam domain list),dustdevil.com
Unknown (on spam domain list),dynamitemail.com
Unknown (on spam domain list),dyndns.org
Unknown (on spam domain list),e-apollo.lv
Unknown (on spam domain list),e-mail.cz
Unknown (on spam domain list),e-mail.ph
Unknown (on spam domain list),e-milio.com
Unknown (on spam domain list),e-webtec.com
Unknown (on spam domain list),earthling.net
Unknown (on spam domain list),eastmail.com
Unknown (on spam domain list),eastrolog.com
Unknown (on spam domain list),easy-pages.com
Unknown (on spam domain list),easy.com
Unknown (on spam domain list),easyinfomail.co.za
Unknown (on spam domain list),easypeasy.com
Unknown (on spam domain list),echina.com
Unknown (on spam domain list),ecn.org
Unknown (on spam domain list),ecplaza.net
Unknown (on spam domain list),edsamail.com.ph
Unknown (on spam domain list),edumail.co.za
Unknown (on spam domain list),eeism.com
Unknown (on spam domain list),elitemail.org
Unknown (on spam domain list),elsitio.com
Unknown (on spam domain list),eltimon.com
Unknown (on spam domain list),elvis.com
Unknown (on spam domain list),email.com.br
Unknown (on spam domain list),email.lu
Unknown (on spam domain list),email.lviv.ua
Unknown (on spam domain list),email.nu
Unknown (on spam domain list),email.ro
Unknown (on spam domain list),email2me.com
Unknown (on spam domain list),emailacc.com
Unknown (on spam domain list),emailaccount.com
Unknown (on spam domain list),emailaddresses.com
Unknown (on spam domain list),emailchoice.com
Unknown (on spam domain list),emailcorner.net
Unknown (on spam domain list),emailn.de
Unknown (on spam domain list),emailengine.net
Unknown (on spam domain list),emailengine.org
Unknown (on spam domain list),emailgroups.net
Unknown (on spam domain list),emailpinoy.com
Unknown (on spam domain list),emailplanet.com
Unknown (on spam domain list),emailplus.org
Unknown (on spam domain list),emailuser.net
Unknown (on spam domain list),ematic.com
Unknown (on spam domain list),embroideryforums.com
Unknown (on spam domain list),eml.cc
Unknown (on spam domain list),emptymail.com
Unknown (on spam domain list),enel.net
Unknown (on spam domain list),enelpunto.net
Unknown (on spam domain list),england.com
Unknown (on spam domain list),enterate.com.ar
Unknown (on spam domain list),entusiastisk.com
Unknown (on spam domain list),enusmail.com
Unknown (on spam domain list),epatra.com
Unknown (on spam domain list),epix.net
Unknown (on spam domain list),epomail.com
Unknown (on spam domain list),epost.de
Unknown (on spam domain list),eprompter.com
Unknown (on spam domain list),eqqu.com
Unknown (on spam domain list),eresmas.com
Unknown (on spam domain list),eriga.lv
Unknown (on spam domain list),ertelecom.ru
Unknown (on spam domain list),esfera.cl
Unknown (on spam domain list),estadao.com.br
Unknown (on spam domain list),etllao.com
Unknown (on spam domain list),euromail.net
Unknown (on spam domain list),euroseek.com
Unknown (on spam domain list),euskalmail.com
Unknown (on spam domain list),evafan.com
Unknown (on spam domain list),everyday.com.kh
Unknown (on spam domain list),everyone.net
Unknown (on spam domain list),execs2k.com
Unknown (on spam domain list),executivemail.co.za
Unknown (on spam domain list),expn.com
Unknown (on spam domain list),ezilon.com
Unknown (on spam domain list),f-m.fm
Unknown (on spam domain list),facilmail.com
Unknown (on spam domain list),faithhighway.com
Unknown (on spam domain list),familyroll.com
Unknown (on spam domain list),familysafeweb.net
Unknown (on spam domain list),fan.net
Unknown (on spam domain list),faroweb.com
Unknown (on spam domain list),fast-email.com
Unknown (on spam domain list),fast-mail.org
Unknown (on spam domain list),fastem.com
Unknown (on spam domain list),fastemail.us
Unknown (on spam domain list),fastemailer.com
Unknown (on spam domain list),fastermail.com
Unknown (on spam domain list),fastest.cc
Unknown (on spam domain list),fastimap.com
Unknown (on spam domain list),fastmailbox.net
Unknown (on spam domain list),fastmessaging.com
Unknown (on spam domain list),fawz.net
Unknown (on spam domain list),fea.st
Unknown (on spam domain list),federalcontractors.com
Unknown (on spam domain list),fedxmail.com
Unknown (on spam domain list),feelings.com
Unknown (on spam domain list),female.ru
Unknown (on spam domain list),fepg.net
Unknown (on spam domain list),ffanet.com
Unknown (on spam domain list),fiberia.com
Unknown (on spam domain list),filipinolinks.com
Unknown (on spam domain list),financesource.com
Unknown (on spam domain list),findmail.com
Unknown (on spam domain list),fiscal.net
Unknown (on spam domain list),flashmail.com
Unknown (on spam domain list),flipcode.com
Unknown (on spam domain list),floridagators.com
Unknown (on spam domain list),fmail.co.uk
Unknown (on spam domain list),fmailbox.com
Unknown (on spam domain list),fmgirl.com
Unknown (on spam domain list),fmguy.com
Unknown (on spam domain list),fnmail.com
Unknown (on spam domain list),footballer.com
Unknown (on spam domain list),forsythmissouri.org
Unknown (on spam domain list),fortuncity.com
Unknown (on spam domain list),forum.dk
Unknown (on spam domain list),free.com.pe
Unknown (on spam domain list),free.net.nz
Unknown (on spam domain list),freeghana.com
Unknown (on spam domain list),freehosting.nl
Unknown (on spam domain list),freemuslim.net
Unknown (on spam domain list),freenet.kg
Unknown (on spam domain list),freeola.net
Unknown (on spam domain list),freepgs.com
Unknown (on spam domain list),freeservers.com
Unknown (on spam domain list),freestart.hu
Unknown (on spam domain list),freeuk.com
Unknown (on spam domain list),freeuk.net
Unknown (on spam domain list),freeweb.it
Unknown (on spam domain list),freewebemail.com
Unknown (on spam domain list),freeyellow.com
Unknown (on spam domain list),frisurf.no
Unknown (on spam domain list),ftml.net
Unknown (on spam domain list),fuelie.org
Unknown (on spam domain list),fun-greetings-jokes.com
Unknown (on spam domain list),fusemail.com
Unknown (on spam domain list),gala.net
Unknown (on spam domain list),galmail.co.za
Unknown (on spam domain list),gamebox.net
Unknown (on spam domain list),gamecocks.com
Unknown (on spam domain list),gay.com
Unknown (on spam domain list),gaymailbox.com
Unknown (on spam domain list),gaza.net
Unknown (on spam domain list),gci.net
Unknown (on spam domain list),gdi.net
Unknown (on spam domain list),geeklife.com
Unknown (on spam domain list),gemari.or.id
Unknown (on spam domain list),genxemail.com
Unknown (on spam domain list),geopia.com
Unknown (on spam domain list),ggaweb.ch
Unknown (on spam domain list),gjk.dk
Unknown (on spam domain list),glay.org
Unknown (on spam domain list),glendale.net
Unknown (on spam domain list),globalfree.it
Unknown (on spam domain list),globomail.com
Unknown (on spam domain list),globalpinoy.com
Unknown (on spam domain list),globalsite.com.br
Unknown (on spam domain list),globalum.com
Unknown (on spam domain list),globetrotter.net
Unknown (on spam domain list),go-bama.com
Unknown (on spam domain list),go-cavs.com
Unknown (on spam domain list),go-chargers.com
Unknown (on spam domain list),go-dawgs.com
Unknown (on spam domain list),go-gators.com
Unknown (on spam domain list),go-hogs.com
Unknown (on spam domain list),go-irish.com
Unknown (on spam domain list),go-spartans.com
Unknown (on spam domain list),go-tigers.com
Unknown (on spam domain list),go.aggies.com
Unknown (on spam domain list),go.badgers.com
Unknown (on spam domain list),go.big-orange.com
Unknown (on spam domain list),go.blue.devils.com
Unknown (on spam domain list),go.buffaloes.com
Unknown (on spam domain list),go.bulldogs.com
Unknown (on spam domain list),go.com
Unknown (on spam domain list),go.dores.com
Unknown (on spam domain list),go.gamecocks.com
Unknown (on spam domain list),go.huskies.com
Unknown (on spam domain list),go.longhorns.com
Unknown (on spam domain list),go.mustangs.com
Unknown (on spam domain list),go.ro
Unknown (on spam domain list),go.ru
Unknown (on spam domain list),go.terrapins.com
Unknown (on spam domain list),go.wildcats.com
Unknown (on spam domain list),go.wolverines.com
Unknown (on spam domain list),go.yellow-jackets.com
Unknown (on spam domain list),go4.it
Unknown (on spam domain list),gofree.co.uk
Unknown (on spam domain list),golfemail.com
Unknown (on spam domain list),goliadtexas.com
Unknown (on spam domain list),gonowmail.com
Unknown (on spam domain list),gonuts4free.com
Unknown (on spam domain list),googlemail.com
Unknown (on spam domain list),goplay.com
Unknown (on spam domain list),gorontalo.net
Unknown (on spam domain list),gotmail.com
Unknown (on spam domain list),gotomy.com
Unknown (on spam domain list),govzone.com
Unknown (on spam domain list),grad.com
Unknown (on spam domain list),graffiti.net
Unknown (on spam domain list),gtechnics.com
Unknown (on spam domain list),guate.net
Unknown (on spam domain list),guessmail.com
Unknown (on spam domain list),gwalla.com
Unknown (on spam domain list),h-mail.us
Unknown (on spam domain list),haberx.com
Unknown (on spam domain list),hailmail.net
Unknown (on spam domain list),handbag.com
Unknown (on spam domain list),happemail.com
Unknown (on spam domain list),happycounsel.com
Unknown (on spam domain list),hawaii.com
Unknown (on spam domain list),heesun.net
Unknown (on spam domain list),heremail.com
Unknown (on spam domain list),hetnet.nl
Unknown (on spam domain list),highveldmail.co.za
Unknown (on spam domain list),hildebrands.de
Unknown (on spam domain list),hingis.org
Unknown (on spam domain list),hispavista.com
Unknown (on spam domain list),hitmanrecords.com
Unknown (on spam domain list),hockeyghiaccio.com
Unknown (on spam domain list),hockeymail.com
Unknown (on spam domain list),holapuravida.com
Unknown (on spam domain list),home.no.net
Unknown (on spam domain list),home.ro
Unknown (on spam domain list),homelocator.com
Unknown (on spam domain list),homemail.co.za
Unknown (on spam domain list),homenetmail.com
Unknown (on spam domain list),homestead.com
Unknown (on spam domain list),homosexual.net
Unknown (on spam domain list),hongkong.com
Unknown (on spam domain list),hopthu.com
Unknown (on spam domain list),hosanna.net
Unknown (on spam domain list),hotbot.com
Unknown (on spam domain list),hotdak.com
Unknown (on spam domain list),hotfire.net
Unknown (on spam domain list),hotinbox.com
Unknown (on spam domain list),hotpop.com
Unknown (on spam domain list),hour.com
Unknown (on spam domain list),howling.com
Unknown (on spam domain list),huhmail.com
Unknown (on spam domain list),humour.com
Unknown (on spam domain list),hurra.de
Unknown (on spam domain list),huskies.com
Unknown (on spam domain list),hutchcity.com
Unknown (on spam domain list),i-france.com
Unknown (on spam domain list),i12.com
Unknown (on spam domain list),i2828.com
Unknown (on spam domain list),ibatam.com
Unknown (on spam domain list),ibest.com.br
Unknown (on spam domain list),ibizdns.com
Unknown (on spam domain list),icafe.com
Unknown (on spam domain list),ice.is
Unknown (on spam domain list),icestorm.com
Unknown (on spam domain list),icq.com
Unknown (on spam domain list),icqmail.com
Unknown (on spam domain list),icrazy.com
Unknown (on spam domain list),idirect.com
Unknown (on spam domain list),idncafe.com
Unknown (on spam domain list),ieg.com.br
Unknown (on spam domain list),iespana.es
Unknown (on spam domain list),ignazio.it
Unknown (on spam domain list),ilse.net
Unknown (on spam domain list),ilse.nl
Unknown (on spam domain list),imail.ru
Unknown (on spam domain list),imailbox.com
Unknown (on spam domain list),imap-mail.com
Unknown (on spam domain list),imap.cc
Unknown (on spam domain list),imapmail.org
Unknown (on spam domain list),imel.org
Unknown (on spam domain list),inbox.com
Unknown (on spam domain list),inbox.net
Unknown (on spam domain list),in.com
Unknown (on spam domain list),incamail.com
Unknown (on spam domain list),indexa.fr
Unknown (on spam domain list),india.com
Unknown (on spam domain list),indiamail.com
Unknown (on spam domain list),inet.com.ua
Unknown (on spam domain list),infinito.it
Unknown (on spam domain list),infoapex.com
Unknown (on spam domain list),infohq.com
Unknown (on spam domain list),infomart.or.jp
Unknown (on spam domain list),infosat.net
Unknown (on spam domain list),inicia.es
Unknown (on spam domain list),inmail24.com
Unknown (on spam domain list),inoutbox.com
Unknown (on spam domain list),intelnet.net.gt
Unknown (on spam domain list),intelnett.com
Unknown (on spam domain list),interblod.com
Unknown (on spam domain list),interfree.it
Unknown (on spam domain list),interlap.com.ar
Unknown (on spam domain list),intermail.hu
Unknown (on spam domain list),internet-e-mail.com
Unknown (on spam domain list),internet-mail.org
Unknown (on spam domain list),internet.lu
Unknown (on spam domain list),internetegypt.com
Unknown (on spam domain list),internetemails.net
Unknown (on spam domain list),internetmailing.net
Unknown (on spam domain list),inwind.it
Unknown (on spam domain list),iol.it
Unknown (on spam domain list),iol.pt
Unknown (on spam domain list),ipermitmail.com
Unknown (on spam domain list),iqemail.com
Unknown (on spam domain list),iquebec.com
Unknown (on spam domain list),irangate.net
Unknown (on spam domain list),iscool.net
Unknown (on spam domain list),islandmama.com
Unknown (on spam domain list),isonfire.com
Unknown (on spam domain list),ispey.com
Unknown (on spam domain list),itelgua.com
Unknown (on spam domain list),itloox.com
Unknown (on spam domain list),itmom.com
Unknown (on spam domain list),ivenus.com
Unknown (on spam domain list),iwan-fals.com
Unknown (on spam domain list),iwon.com
Unknown (on spam domain list),ixp.net
Unknown (on spam domain list),japan.com
Unknown (on spam domain list),jedrzejow.pl
Unknown (on spam domain list),jetemail.net
Unknown (on spam domain list),jmail.co.za
Unknown (on spam domain list),jojomail.com
Unknown (on spam domain list),joymail.com
Unknown (on spam domain list),jubiipost.dk
Unknown (on spam domain list),justemail.net
Unknown (on spam domain list),justmailz.com
Unknown (on spam domain list),kaazoo.com
Unknown (on spam domain list),kabissa.org
Unknown (on spam domain list),kaixo.com
Unknown (on spam domain list),kalpoint.com
Unknown (on spam domain list),katamail.com
Unknown (on spam domain list),kataweb.it
Unknown (on spam domain list),kayafmmail.co.za
Unknown (on spam domain list),keptprivate.com
Unknown (on spam domain list),kiwitown.com
Unknown (on spam domain list),klik.it
Unknown (on spam domain list),klikni.cz
Unknown (on spam domain list),kmtn.ru
Unknown (on spam domain list),koko.com
Unknown (on spam domain list),kolozsvar.ro
Unknown (on spam domain list),kombud.com
Unknown (on spam domain list),koreanmail.com
Unknown (on spam domain list),krunis.com
Unknown (on spam domain list),kuronowish.com
Unknown (on spam domain list),kyokodate.com
Unknown (on spam domain list),lagoon.nc
Unknown (on spam domain list),lahaonline.com
Unknown (on spam domain list),lamalla.net
Unknown (on spam domain list),land.ru
Unknown (on spam domain list),lawyer.com
Unknown (on spam domain list),lawyersmail.com
Unknown (on spam domain list),lawyerzone.com
Unknown (on spam domain list),leehom.net
Unknown (on spam domain list),leonardo.it
Unknown (on spam domain list),leonlai.net
Unknown (on spam domain list),letsjam.com
Unknown (on spam domain list),letterbox.org
Unknown (on spam domain list),letterboxes.org
Unknown (on spam domain list),levele.com
Unknown (on spam domain list),lexpress.net
Unknown (on spam domain list),liberomail.com
Unknown (on spam domain list),libre.net
Unknown (on spam domain list),linuxfreemail.com
Unknown (on spam domain list),livedoor.com
Unknown (on spam domain list),llandudno.com
Unknown (on spam domain list),llangollen.com
Unknown (on spam domain list),lolnetwork.net
Unknown (on spam domain list),london.com
Unknown (on spam domain list),longhorns.com
Unknown (on spam domain list),look.com
Unknown (on spam domain list),looksmart.co.uk
Unknown (on spam domain list),looksmart.com
Unknown (on spam domain list),looksmart.com.au
Unknown (on spam domain list),loteria.net
Unknown (on spam domain list),lotonazo.com
Unknown (on spam domain list),louiskoo.com
Unknown (on spam domain list),loveable.com
Unknown (on spam domain list),lovemail.com
Unknown (on spam domain list),lovingjesus.com
Unknown (on spam domain list),lpemail.com
Unknown (on spam domain list),lusoweb.pt
Unknown (on spam domain list),lycosmail.com
Unknown (on spam domain list),mac.com
Unknown (on spam domain list),machinecandy.com
Unknown (on spam domain list),macmail.com
Unknown (on spam domain list),madcrazy.com
Unknown (on spam domain list),madonno.com
Unknown (on spam domain list),madrid.com
Unknown (on spam domain list),mag2.com
Unknown (on spam domain list),magicmail.co.za
Unknown (on spam domain list),magik-net.com
Unknown (on spam domain list),mail-atlas.net
Unknown (on spam domain list),mail-awu.de
Unknown (on spam domain list),mail-center.com
Unknown (on spam domain list),mail-central.com
Unknown (on spam domain list),mail-online.dk
Unknown (on spam domain list),mail-page.com
Unknown (on spam domain list),mail-x-change.com
Unknown (on spam domain list),mail.co.za
Unknown (on spam domain list),mail.goo.ne.jp
Unknown (on spam domain list),mail.lawguru.com
Unknown (on spam domain list),mail.mn
Unknown (on spam domain list),mail.org
Unknown (on spam domain list),mail.yahoo.co.jp
Unknown (on spam domain list),mail3000.com
Unknown (on spam domain list),mail333.com
Unknown (on spam domain list),mailandftp.com
Unknown (on spam domain list),mailandnews.com
Unknown (on spam domain list),mailas.com
Unknown (on spam domain list),mailasia.com
Unknown (on spam domain list),mailbg.com
Unknown (on spam domain list),mailblocks.com
Unknown (on spam domain list),mailbolt.com
Unknown (on spam domain list),mailbox.as
Unknown (on spam domain list),mailbox.co.za
Unknown (on spam domain list),mailbox.gr
Unknown (on spam domain list),mailbox.sk
Unknown (on spam domain list),mailc.net
Unknown (on spam domain list),mailcan.com
Unknown (on spam domain list),mailcircuit.com
Unknown (on spam domain list),mailclub.fr
Unknown (on spam domain list),mailclub.net
Unknown (on spam domain list),mailfly.com
Unknown (on spam domain list),mailforce.net
Unknown (on spam domain list),mailftp.com
Unknown (on spam domain list),mailhaven.com
Unknown (on spam domain list),mailingaddress.org
Unknown (on spam domain list),mailingweb.com
Unknown (on spam domain list),mailite.com
Unknown (on spam domain list),mailme.dk
Unknown (on spam domain list),mailmight.com
Unknown (on spam domain list),mailmij.nl
Unknown (on spam domain list),mailnew.com
Unknown (on spam domain list),mailops.com
Unknown (on spam domain list),mailpanda.com
Unknown (on spam domain list),mailpersonal.com
Unknown (on spam domain list),mailroom.com
Unknown (on spam domain list),mailru.com
Unknown (on spam domain list),mails.de
Unknown (on spam domain list),mailsent.net
Unknown (on spam domain list),mailserver.dk
Unknown (on spam domain list),mailservice.ms
Unknown (on spam domain list),mailsnare.net
Unknown (on spam domain list),mailsurf.com
Unknown (on spam domain list),mailup.net
Unknown (on spam domain list),mailworks.org
Unknown (on spam domain list),malayalamtelevision.net
Unknown (on spam domain list),malayalapathram.com
Unknown (on spam domain list),male.ru
Unknown (on spam domain list),manager.de
Unknown (on spam domain list),manlymail.net
Unknown (on spam domain list),mantrafreenet.com
Unknown (on spam domain list),mantramail.com
Unknown (on spam domain list),marihuana.ro
Unknown (on spam domain list),marketweighton.com
Unknown (on spam domain list),masrawy.com
Unknown (on spam domain list),mauimail.com
Unknown (on spam domain list),mbox.com.au
Unknown (on spam domain list),mcrmail.com
Unknown (on spam domain list),me.by
Unknown (on spam domain list),medicinatv.com
Unknown (on spam domain list),meetingmall.com
Unknown (on spam domain list),merseymail.com
Unknown (on spam domain list),messagez.com
Unknown (on spam domain list),metacrawler.com
Unknown (on spam domain list),mexico.com
Unknown (on spam domain list),micro2media.com
Unknown (on spam domain list),miesto.sk
Unknown (on spam domain list),mighty.co.za
Unknown (on spam domain list),milacamn.net
Unknown (on spam domain list),milmail.com
Unknown (on spam domain list),mindless.com
Unknown (on spam domain list),mindviz.com
Unknown (on spam domain list),mixmail.com
Unknown (on spam domain list),ml1.net
Unknown (on spam domain list),mlanime.com
Unknown (on spam domain list),mm.st
Unknown (on spam domain list),mmail.com
Unknown (on spam domain list),mobsters.com
Unknown (on spam domain list),mobstop.com
Unknown (on spam domain list),modemnet.net
Unknown (on spam domain list),modomail.com
Unknown (on spam domain list),moldova.com
Unknown (on spam domain list),moldovacc.com
Unknown (on spam domain list),monarchy.com
Unknown (on spam domain list),moomia.com
Unknown (on spam domain list),moose-mail.com
Unknown (on spam domain list),mosaicfx.com
Unknown (on spam domain list),motormania.com
Unknown (on spam domain list),movemail.com
Unknown (on spam domain list),mrspender.com
Unknown (on spam domain list),mscold.com
Unknown (on spam domain list),msn.com
Unknown (on spam domain list),msn.co.uk
Unknown (on spam domain list),mundo-r.com
Unknown (on spam domain list),muslimsonline.com
Unknown (on spam domain list),mustangs.com
Unknown (on spam domain list),mxs.de
Unknown (on spam domain list),myblue.cc
Unknown (on spam domain list),mycabin.com
Unknown (on spam domain list),mycity.com
Unknown (on spam domain list),mydomain.com
Unknown (on spam domain list),myeweb.com
Unknown (on spam domain list),myfastmail.com
Unknown (on spam domain list),myfunnymail.com
Unknown (on spam domain list),mygrande.net
Unknown (on spam domain list),mykolab.com
Unknown (on spam domain list),myiris.com
Unknown (on spam domain list),myjazzmail.com
Unknown (on spam domain list),mymacmail.com
Unknown (on spam domain list),mymail.dk
Unknown (on spam domain list),mynet.com.tr
Unknown (on spam domain list),myopera.com
Unknown (on spam domain list),myownemail.com
Unknown (on spam domain list),mypersonalemail.com
Unknown (on spam domain list),myrealbox.com
Unknown (on spam domain list),myspace.com
Unknown (on spam domain list),myt.mu
Unknown (on spam domain list),myway.com
Unknown (on spam domain list),n2.com
Unknown (on spam domain list),n2business.com
Unknown (on spam domain list),n2mail.com
Unknown (on spam domain list),nabble.com
Unknown (on spam domain list),name.com
Unknown (on spam domain list),nameplanet.com
Unknown (on spam domain list),nandomail.com
Unknown (on spam domain list),naseej.com
Unknown (on spam domain list),nastything.com
Unknown (on spam domain list),national-champs.com
Unknown (on spam domain list),nativeweb.net
Unknown (on spam domain list),narod.ru
Unknown (on spam domain list),nate.com
Unknown (on spam domain list),naveganas.com
Unknown (on spam domain list),nenter.com
Unknown (on spam domain list),nerdshack.com
Unknown (on spam domain list),nervhq.org
Unknown (on spam domain list),net4you.at
Unknown (on spam domain list),netbounce.com
Unknown (on spam domain list),netcape.net
Unknown (on spam domain list),netexecutive.com
Unknown (on spam domain list),netfirms.com
Unknown (on spam domain list),netkushi.com
Unknown (on spam domain list),netmongol.com
Unknown (on spam domain list),netpiper.com
Unknown (on spam domain list),netposta.net
Unknown (on spam domain list),netscape.com
Unknown (on spam domain list),netscapeonline.co.uk
Unknown (on spam domain list),netsquare.com
Unknown (on spam domain list),nettaxi.com
Unknown (on spam domain list),networld.com
Unknown (on spam domain list),netzero.com
Unknown (on spam domain list),netzero.net
Unknown (on spam domain list),neustreet.com
Unknown (on spam domain list),newmail.com
Unknown (on spam domain list),newmail.net
Unknown (on spam domain list),newyork.com
Unknown (on spam domain list),newyorkcity.com
Unknown (on spam domain list),nfmail.com
Unknown (on spam domain list),nicegal.com
Unknown (on spam domain list),nightimeuk.com
Unknown (on spam domain list),nightly.com
Unknown (on spam domain list),nightmail.com
Unknown (on spam domain list),nightmail.ru
Unknown (on spam domain list),noavar.com
Unknown (on spam domain list),noemail.com
Unknown (on spam domain list),nonomail.com
Unknown (on spam domain list),nokiamail.com
Unknown (on spam domain list),noolhar.com
Unknown (on spam domain list),nospammail.net
Unknown (on spam domain list),nowzer.com
Unknown (on spam domain list),ny.com
Unknown (on spam domain list),nyc.com
Unknown (on spam domain list),nzoomail.com
Unknown (on spam domain list),ocsnet.net
Unknown (on spam domain list),odeon.pl
Unknown (on spam domain list),odmail.com
Unknown (on spam domain list),offshorewebmail.com
Unknown (on spam domain list),oicexchange.com
Unknown (on spam domain list),ok.ru
Unknown (on spam domain list),olympist.net
Unknown (on spam domain list),omaninfo.com
Unknown (on spam domain list),onatoo.com
Unknown (on spam domain list),ondikoi.com
Unknown (on spam domain list),onebox.com
Unknown (on spam domain list),onenet.com.ar
Unknown (on spam domain list),ongc.net
Unknown (on spam domain list),oninet.pt
Unknown (on spam domain list),online.ie
Unknown (on spam domain list),online.ru
Unknown (on spam domain list),onlinewiz.com
Unknown (on spam domain list),open.by
Unknown (on spam domain list),openbg.com
Unknown (on spam domain list),openforyou.com
Unknown (on spam domain list),operamail.com
Unknown (on spam domain list),orangehome.co.uk
Unknown (on spam domain list),orange.jo
Unknown (on spam domain list),orange.pl
Unknown (on spam domain list),organizer.net
Unknown (on spam domain list),orthodox.com
Unknown (on spam domain list),osite.com.br
Unknown (on spam domain list),ourbrisbane.com
Unknown (on spam domain list),ournet.md
Unknown (on spam domain list),ourprofile.net
Unknown (on spam domain list),ourwest.com
Unknown (on spam domain list),outgun.com
Unknown (on spam domain list),ownmail.net
Unknown (on spam domain list),oxfoot.com
Unknown (on spam domain list),ozu.es
Unknown (on spam domain list),pacer.com
Unknown (on spam domain list),paginasamarillas.com
Unknown (on spam domain list),pakistanmail.com
Unknown (on spam domain list),pandawa.com
Unknown (on spam domain list),pando.com
Unknown (on spam domain list),paris.com
Unknown (on spam domain list),parsimail.com
Unknown (on spam domain list),parspage.com
Unknown (on spam domain list),patmail.com
Unknown (on spam domain list),pattayacitythailand.com
Unknown (on spam domain list),pcpostal.com
Unknown (on spam domain list),penguinmaster.com
Unknown (on spam domain list),peopleweb.com
Unknown (on spam domain list),personales.com
Unknown (on spam domain list),peru.com
Unknown (on spam domain list),petml.com
Unknown (on spam domain list),phreaker.net
Unknown (on spam domain list),pilu.com
Unknown (on spam domain list),pimagop.com
Unknown (on spam domain list),pinoymail.com
Unknown (on spam domain list),pipni.cz
Unknown (on spam domain list),pisem.net
Unknown (on spam domain list),planet-school.de
Unknown (on spam domain list),planetaccess.com
Unknown (on spam domain list),planetout.com
Unknown (on spam domain list),playersodds.com
Unknown (on spam domain list),playful.com
Unknown (on spam domain list),pluno.com
Unknown (on spam domain list),plusmail.com.br
Unknown (on spam domain list),pmail.net
Unknown (on spam domain list),pobox.ru
Unknown (on spam domain list),pochta.ru
Unknown (on spam domain list),poetic.com
Unknown (on spam domain list),pogowave.com
Unknown (on spam domain list),popsmail.com
Unknown (on spam domain list),popstar.com
Unknown (on spam domain list),portaldosalunos.com
Unknown (on spam domain list),portugalmail.com
Unknown (on spam domain list),portugalmail.pt
Unknown (on spam domain list),post.pl
Unknown (on spam domain list),postinbox.com
Unknown (on spam domain list),postino.ch
Unknown (on spam domain list),postino.it
Unknown (on spam domain list),postmaster.co.uk
Unknown (on spam domain list),postpro.net
Unknown (on spam domain list),praize.com
Unknown (on spam domain list),press.co.jp
Unknown (on spam domain list),primposta.com
Unknown (on spam domain list),printesamargareta.ro
Unknown (on spam domain list),probemail.com
Unknown (on spam domain list),profesional.com
Unknown (on spam domain list),proinbox.com
Unknown (on spam domain list),promessage.com
Unknown (on spam domain list),prontomail.com
Unknown (on spam domain list),protonmail.ch
Unknown (on spam domain list),provincial.net
Unknown (on spam domain list),publicaccounting.com
Unknown (on spam domain list),punkass.com
Unknown (on spam domain list),puppy.com.my
Unknown (on spam domain list),qlmail.com
Unknown (on spam domain list),qrio.com
Unknown (on spam domain list),qsl.net
Unknown (on spam domain list),qudsmail.com
Unknown (on spam domain list),queerplaces.com
Unknown (on spam domain list),quickwebmail.com
Unknown (on spam domain list),r-o-o-t.com
Unknown (on spam domain list),raakim.com
Unknown (on spam domain list),rbcmail.ru
Unknown (on spam domain list),racingseat.com
Unknown (on spam domain list),radicalz.com
Unknown (on spam domain list),ragingbull.com
Unknown (on spam domain list),raisingadaughter.com
Unknown (on spam domain list),ranmamail.com
Unknown (on spam domain list),ravemail.co.za
Unknown (on spam domain list),razormail.com
Unknown (on spam domain list),real.ro
Unknown (on spam domain list),realemail.net
Unknown (on spam domain list),reallyfast.biz
Unknown (on spam domain list),reallyfast.info
Unknown (on spam domain list),rebels.com
Unknown (on spam domain list),recme.net
Unknown (on spam domain list),rediffmailpro.com
Unknown (on spam domain list),redseven.de
Unknown (on spam domain list),redwhitearmy.com
Unknown (on spam domain list),revenue.com
Unknown (on spam domain list),rexian.com
Unknown (on spam domain list),ritmes.net
Unknown (on spam domain list),rn.com
Unknown (on spam domain list),roanokemail.com
Unknown (on spam domain list),rock.com
Unknown (on spam domain list),rockfan.com
Unknown (on spam domain list),rojname.com
Unknown (on spam domain list),rol.ro
Unknown (on spam domain list),rollin.com
Unknown (on spam domain list),rome.com
Unknown (on spam domain list),royal.net
Unknown (on spam domain list),rpharmacist.com
Unknown (on spam domain list),rt.nl
Unknown (on spam domain list),ru.ru
Unknown (on spam domain list),rushpost.com
Unknown (on spam domain list),russiamail.com
Unknown (on spam domain list),rxpost.net
Unknown (on spam domain list),s-mail.com
Unknown (on spam domain list),saabnet.com
Unknown (on spam domain list),sacbeemail.com
Unknown (on spam domain list),sacmail.com
Unknown (on spam domain list),safe-mail.net
Unknown (on spam domain list),safe-mailbox.com
Unknown (on spam domain list),saint-mike.org
Unknown (on spam domain list),sandiego.com
Unknown (on spam domain list),sanook.com
Unknown (on spam domain list),sanriotown.com
Unknown (on spam domain list),sapibon.com
Unknown (on spam domain list),saturnfans.com
Unknown (on spam domain list),scfn.net
Unknown (on spam domain list),schweiz.org
Unknown (on spam domain list),sciaga.pl
Unknown (on spam domain list),scrapbookscrapbook.com
Unknown (on spam domain list),seapole.com
Unknown (on spam domain list),seark.com
Unknown (on spam domain list),secretservices.net
Unknown (on spam domain list),seductive.com
Unknown (on spam domain list),sendmail.ru
Unknown (on spam domain list),sendme.cz
Unknown (on spam domain list),sent.as
Unknown (on spam domain list),sent.at
Unknown (on spam domain list),sent.com
Unknown (on spam domain list),serga.com.ar
Unknown (on spam domain list),server4free.de
Unknown (on spam domain list),sesmail.com
Unknown (on spam domain list),sexmagnet.com
Unknown (on spam domain list),shadango.com
Unknown (on spam domain list),she.com
Unknown (on spam domain list),shuf.com
Unknown (on spam domain list),sinamail.com
Unknown (on spam domain list),singapore.com
Unknown (on spam domain list),singmail.com
Unknown (on spam domain list),sirindia.com
Unknown (on spam domain list),sirunet.com
Unknown (on spam domain list),sister.com
Unknown (on spam domain list),sina.cn
Unknown (on spam domain list),sinanail.com
Unknown (on spam domain list),sistersbrothers.com
Unknown (on spam domain list),sizzling.com
Unknown (on spam domain list),slamdunkfan.com
Unknown (on spam domain list),slickriffs.co.uk
Unknown (on spam domain list),slingshot.com
Unknown (on spam domain list),smartemail.co.uk
Unknown (on spam domain list),snail-mail.net
Unknown (on spam domain list),sneakemail.com
Unknown (on spam domain list),snoopymail.com
Unknown (on spam domain list),snowboarding.com
Unknown (on spam domain list),softhome.net
Unknown (on spam domain list),soon.com
Unknown (on spam domain list),sos.lv
Unknown (on spam domain list),soundvillage.org
Unknown (on spam domain list),space.com
Unknown (on spam domain list),spacetowns.com
Unknown (on spam domain list),spamex.com
Unknown (on spam domain list),speed-racer.com
Unknown (on spam domain list),speedpost.net
Unknown (on spam domain list),speedymail.org
Unknown (on spam domain list),spils.com
Unknown (on spam domain list),spinfinder.com
Unknown (on spam domain list),sportemail.com
Unknown (on spam domain list),spray.no
Unknown (on spam domain list),srbbs.com
Unknown (on spam domain list),srilankan.net
Unknown (on spam domain list),ssan.com
Unknown (on spam domain list),ssl-mail.com
Unknown (on spam domain list),stade.fr
Unknown (on spam domain list),starmail.com
Unknown (on spam domain list),starmail.org
Unknown (on spam domain list),starmedia.com
Unknown (on spam domain list),starspath.com
Unknown (on spam domain list),start.com.au
Unknown (on spam domain list),student.com
Unknown (on spam domain list),student.ednet.ns.ca
Unknown (on spam domain list),studmail.com
Unknown (on spam domain list),suisse.org
Unknown (on spam domain list),sunpoint.net
Unknown (on spam domain list),superdada.it
Unknown (on spam domain list),supereva.com
Unknown (on spam domain list),supereva.it
Unknown (on spam domain list),supermailbox.com
Unknown (on spam domain list),surf3.net
Unknown (on spam domain list),surfassistant.com
Unknown (on spam domain list),surfy.net
Unknown (on spam domain list),surimail.com
Unknown (on spam domain list),surnet.cl
Unknown (on spam domain list),sverige.nu
Unknown (on spam domain list),svizzera.org
Unknown (on spam domain list),sweb.cz
Unknown (on spam domain list),swift-mail.com
Unknown (on spam domain list),swissinfo.org
Unknown (on spam domain list),switzerland.org
Unknown (on spam domain list),syom.com
Unknown (on spam domain list),t-net.net.ve
Unknown (on spam domain list),t2mail.com
Unknown (on spam domain list),tabasheer.com
Unknown (on spam domain list),talkcity.com
Unknown (on spam domain list),tatanova.com
Unknown (on spam domain list),techemail.com
Unknown (on spam domain list),technisamail.co.za
Unknown (on spam domain list),teenmail.co.za
Unknown (on spam domain list),tejary.com
Unknown (on spam domain list),telebot.com
Unknown (on spam domain list),telegraf.by
Unknown (on spam domain list),teleline.es
Unknown (on spam domain list),telinco.net
Unknown (on spam domain list),telpage.net
Unknown (on spam domain list),telusplanet.net
Unknown (on spam domain list),tempting.com
Unknown (on spam domain list),tenchiclub.com
Unknown (on spam domain list),terrapins.com
Unknown (on spam domain list),texascrossroads.com
Unknown (on spam domain list),tfz.net
Unknown (on spam domain list),the-fastest.net
Unknown (on spam domain list),the-quickest.com
Unknown (on spam domain list),thegame.com
Unknown (on spam domain list),theinternetemail.com
Unknown (on spam domain list),theracetrack.com
Unknown (on spam domain list),thewatercooler.com
Unknown (on spam domain list),thewebpros.co.uk
Unknown (on spam domain list),thinkpost.net
Unknown (on spam domain list),thirdage.com
Unknown (on spam domain list),thundermail.com
Unknown (on spam domain list),timemail.com
Unknown (on spam domain list),tinati.net
Unknown (on spam domain list),tiscalinet.it
Unknown (on spam domain list),tjohoo.se
Unknown (on spam domain list),tkcity.com
Unknown (on spam domain list),tlcfan.com
Unknown (on spam domain list),tmicha.net
Unknown (on spam domain list),todito.com
Unknown (on spam domain list),todoperros.com
Unknown (on spam domain list),tokyo.com
Unknown (on spam domain list),topchat.com
Unknown (on spam domain list),topmail.com.ar
Unknown (on spam domain list),topmail.co.in
Unknown (on spam domain list),topmail.co.nz
Unknown (on spam domain list),topmail.co.uk
Unknown (on spam domain list),topmail.co.za
Unknown (on spam domain list),topsurf.com
Unknown (on spam domain list),toquedequeda.com
Unknown (on spam domain list),torba.com
Unknown (on spam domain list),torchmail.com
Unknown (on spam domain list),totalmail.com
Unknown (on spam domain list),totalsurf.com
Unknown (on spam domain list),tough.com
Unknown (on spam domain list),toughguy.net
Unknown (on spam domain list),trav.se
Unknown (on spam domain list),trevas.net
Unknown (on spam domain list),tripod-mail.com
Unknown (on spam domain list),triton.net
Unknown (on spam domain list),tsamail.co.za
Unknown (on spam domain list),turbonett.com
Unknown (on spam domain list),turkey.com
Unknown (on spam domain list),tvnet.lv
Unknown (on spam domain list),twc.com
Unknown (on spam domain list),typemail.com
Unknown (on spam domain list),u2club.com
Unknown (on spam domain list),ubbi.com
Unknown (on spam domain list),ubbi.com.br
Unknown (on spam domain list),uboot.com
Unknown (on spam domain list),ugeek.com
Unknown (on spam domain list),uk2.net
Unknown (on spam domain list),uk2net.com
Unknown (on spam domain list),ukrpost.net
Unknown (on spam domain list),ukrpost.ua
Unknown (on spam domain list),uku.co.uk
Unknown (on spam domain list),ulimit.com
Unknown (on spam domain list),ummah.org
Unknown (on spam domain list),unicum.de
Unknown (on spam domain list),universia.cl
Unknown (on spam domain list),universia.es
Unknown (on spam domain list),universia.net.mx
Unknown (on spam domain list),universia.pt
Unknown (on spam domain list),universiabrasil.net
Unknown (on spam domain list),uol.com.ar
Unknown (on spam domain list),uole.com
Unknown (on spam domain list),uomail.com
Unknown (on spam domain list),urbi.com.br
Unknown (on spam domain list),ureach.com
Unknown (on spam domain list),userbeam.com
Unknown (on spam domain list),uyuyuy.com
Unknown (on spam domain list),vegetarisme.be
Unknown (on spam domain list),velnet.com
Unknown (on spam domain list),velocall.com
Unknown (on spam domain list),vercorreo.com
Unknown (on spam domain list),verizonmail.com
Unknown (on spam domain list),verticalheaven.com
Unknown (on spam domain list),veryfast.biz
Unknown (on spam domain list),veryspeedy.net
Unknown (on spam domain list),vfemail.net
Unknown (on spam domain list),vietmedia.com
Unknown (on spam domain list),vip.gr
Unknown (on spam domain list),visitmail.com
Unknown (on spam domain list),vivelared.com
Unknown (on spam domain list),vjtimail.com
Unknown (on spam domain list),vsnl.com
Unknown (on spam domain list),vsnl.net
Unknown (on spam domain list),volkermord.com
Unknown (on spam domain list),vosforums.com
Unknown (on spam domain list),walla.com
Unknown (on spam domain list),wallet.com
Unknown (on spam domain list),wam.co.za
Unknown (on spam domain list),wanex.ge
Unknown (on spam domain list),wap.hu
Unknown (on spam domain list),wapda.com
Unknown (on spam domain list),wapicode.com
Unknown (on spam domain list),warpmail.net
Unknown (on spam domain list),wassup.com
Unknown (on spam domain list),waterloo.com
Unknown (on spam domain list),waumail.com
Unknown (on spam domain list),wearab.net
Unknown (on spam domain list),web.nl
Unknown (on spam domain list),web2mail.com
Unknown (on spam domain list),webaddressbook.com
Unknown (on spam domain list),webbworks.com
Unknown (on spam domain list),webcity.ca
Unknown (on spam domain list),webdream.com
Unknown (on spam domain list),webemaillist.com
Unknown (on spam domain list),webindia123.com
Unknown (on spam domain list),webinfo.fi
Unknown (on spam domain list),webjump.com
Unknown (on spam domain list),webl-3.br.inter.net
Unknown (on spam domain list),webmails.com
Unknown (on spam domain list),webmailv.com
Unknown (on spam domain list),webspawner.com
Unknown (on spam domain list),websurfer.co.za
Unknown (on spam domain list),webtv.net
Unknown (on spam domain list),weedmail.com
Unknown (on spam domain list),weekonline.com
Unknown (on spam domain list),weirdness.com
Unknown (on spam domain list),whale-mail.com
Unknown (on spam domain list),whipmail.com
Unknown (on spam domain list),who.net
Unknown (on spam domain list),whoever.com
Unknown (on spam domain list),wildcats.com
Unknown (on spam domain list),wildmail.com
Unknown (on spam domain list),winning.com
Unknown (on spam domain list),winningteam.com
Unknown (on spam domain list),winwinhosting.com
Unknown (on spam domain list),witelcom.com
Unknown (on spam domain list),witty.com
Unknown (on spam domain list),wolverines.com
Unknown (on spam domain list),workmail.co.za
Unknown (on spam domain list),worldcrossing.com
Unknown (on spam domain list),worldemail.com
Unknown (on spam domain list),worldmedic.com
Unknown (on spam domain list),worldonline.de
Unknown (on spam domain list),wowmail.com
Unknown (on spam domain list),wprost.pl
Unknown (on spam domain list),wrongmail.com
Unknown (on spam domain list),wtonetwork.com
Unknown (on spam domain list),wurtele.net
Unknown (on spam domain list),www.com
Unknown (on spam domain list),www.consulcredit.it
Unknown (on spam domain list),x-mail.net
Unknown (on spam domain list),xasa.com
Unknown (on spam domain list),xfreehosting.com
Unknown (on spam domain list),xmail.net
Unknown (on spam domain list),xmsg.com
Unknown (on spam domain list),xoom.com
Unknown (on spam domain list),xuite.net
Unknown (on spam domain list),xpectmore.com
Unknown (on spam domain list),xrea.com
Unknown (on spam domain list),xsmail.com
Unknown (on spam domain list),xzapmail.com
Unknown (on spam domain list),y7mail.com
Unknown (on spam domain list),yahala.co.il
Unknown (on spam domain list),yaho.com
Unknown (on spam domain list),ya.com
Unknown (on spam domain list),yahoomail.com
Unknown (on spam domain list),yapost.com
Unknown (on spam domain list),yehey.com
Unknown (on spam domain list),yellow-jackets.com
Unknown (on spam domain list),yellowstone.net
Unknown (on spam domain list),yenimail.com
Unknown (on spam domain list),yepmail.net
Unknown (on spam domain list),yifan.net
Unknown (on spam domain list),your-mail.com
Unknown (on spam domain list),yours.com
Unknown (on spam domain list),yourwap.com
Unknown (on spam domain list),yyhmail.com
Unknown (on spam domain list),z11.com
Unknown (on spam domain list),z6.com
Unknown (on spam domain list),zednet.co.uk
Unknown (on spam domain list),zeeman.nl
Unknown (on spam domain list),ziplip.com
Unknown (on spam domain list),zipmail.com.br
Unknown (on spam domain list),zipmax.com
Unknown (on spam domain list),zmail.ru
Unknown (on spam domain list),zona-andina.net
Unknown (on spam domain list),zonai.com
Unknown (on spam domain list),zonnet.nl
Unknown (on spam domain list),zoomshare.com
Unknown (on spam domain list),zubee.com
Unknown (on spam domain list),zuvio.com
Unknown (on spam domain list),zwallet.com
Unknown (on spam domain list),zworg.com
Unknown (on spam domain list),zybermail.com
Unknown (on spam domain list),zzn.com
Unknown (on spam domain list),188.com
Unknown (on spam domain list),263.net
Unknown (on spam domain list),9.cn
Unknown (on spam domain list),vip.126.com
Unknown (on spam domain list),vip.163.com
Unknown (on spam domain list),vip.188.com
Unknown (on spam domain list),vip.sina.com
Unknown (on spam domain list),vip.sohu.com
Unknown (on spam domain list),vip.sohu.net
Unknown (on spam domain list),vip.tom.com
Unknown (on spam domain list),vip.qq.com
Unknown (on spam domain list),expressmail.dk
Unknown (on spam domain list),4xn.de
Unknown (on spam domain list),5x2.de
Unknown (on spam domain list),5x2.me
Unknown (on spam domain list),aufdrogen.de
Unknown (on spam domain list),besser-als-du.de
Unknown (on spam domain list),brainsurfer.de
Unknown (on spam domain list),chillaxer.de
Unknown (on spam domain list),cyberkriminell.de
Unknown (on spam domain list),danneben.so
Unknown (on spam domain list),freemailen.de
Unknown (on spam domain list),freemailn.de
Unknown (on spam domain list),ist-der-mann.de
Unknown (on spam domain list),ist-der-wahnsinn.de
Unknown (on spam domain list),ist-echt.so
Unknown (on spam domain list),istecht.so
Unknown (on spam domain list),ist-genialer.de
Unknown (on spam domain list),ist-schlauer.de
Unknown (on spam domain list),ist-supersexy.de
Unknown (on spam domain list),kann.so
Unknown (on spam domain list),mag-spam.net
Unknown (on spam domain list),mega-schlau.de
Unknown (on spam domain list),muss.so
Unknown (on spam domain list),nerd4life.de
Unknown (on spam domain list),ohne-drogen-gehts.net
Unknown (on spam domain list),on-steroids.de
Unknown (on spam domain list),scheint.so
Unknown (on spam domain list),staatsterrorist.de
Unknown (on spam domain list),super-gerissen.de
Unknown (on spam domain list),unendlich-schlau.de
Unknown (on spam domain list),vip-client.de
Unknown (on spam domain list),will-keinen-spam.de
Unknown (on spam domain list),zu-geil.de
Unknown (on spam domain list),rbox.me
Unknown (on spam domain list),rbox.co
Unknown (on spam domain list),tunome.com
Unknown (on spam domain list),acatperson.com
Unknown (on spam domain list),adogperson.com
Unknown (on spam domain list),allsportsrock.com
Unknown (on spam domain list),alwaysgrilling.com
Unknown (on spam domain list),alwaysinthekitchen.com
Unknown (on spam domain list),alwayswatchingmovies.com
Unknown (on spam domain list),alwayswatchingtv.com
Unknown (on spam domain list),basketball-email.com
Unknown (on spam domain list),beabookworm.com
Unknown (on spam domain list),beagolfer.com
Unknown (on spam domain list),beahealthnut.com
Unknown (on spam domain list),believeinliberty.com
Unknown (on spam domain list),bestcoolcars.com
Unknown (on spam domain list),bestjobcandidate.com
Unknown (on spam domain list),besure2vote.com
Unknown (on spam domain list),blackvoices.com
Unknown (on spam domain list),capsfanatic.com
Unknown (on spam domain list),capshockeyfan.com
Unknown (on spam domain list),capsred.com
Unknown (on spam domain list),car-nut.net
Unknown (on spam domain list),cat-person.com
Unknown (on spam domain list),catpeoplerule.com
Unknown (on spam domain list),chat-with-me.com
Unknown (on spam domain list),cheatasrule.com
Unknown (on spam domain list),crazy4baseball.com
Unknown (on spam domain list),crazy4homeimprovement.com
Unknown (on spam domain list),crazy4mail.com
Unknown (on spam domain list),crazyaboutfilms.net
Unknown (on spam domain list),crazycarfan.com
Unknown (on spam domain list),crazyforemail.com
Unknown (on spam domain list),crazymoviefan.com
Unknown (on spam domain list),descriptivemail.com
Unknown (on spam domain list),differentmail.com
Unknown (on spam domain list),dog-person.com
Unknown (on spam domain list),dogpeoplerule.com
Unknown (on spam domain list),easydoesit.com
Unknown (on spam domain list),expertrenovator.com
Unknown (on spam domain list),expressivemail.com
Unknown (on spam domain list),fanaticos.com
Unknown (on spam domain list),fanofbooks.com
Unknown (on spam domain list),fanofcomputers.com
Unknown (on spam domain list),fanofcooking.com
Unknown (on spam domain list),fanoftheweb.com
Unknown (on spam domain list),fieldmail.com
Unknown (on spam domain list),fleetmail.com
Unknown (on spam domain list),focusedonprofits.com
Unknown (on spam domain list),focusedonreturns.com
Unknown (on spam domain list),futboladdict.com
Unknown (on spam domain list),games.com
Unknown (on spam domain list),getintobooks.com
Unknown (on spam domain list),hail2theskins.com
Unknown (on spam domain list),hitthepuck.com
Unknown (on spam domain list),i-dig-movies.com
Unknown (on spam domain list),i-love-restaurants.com
Unknown (on spam domain list),idigcomputers.com
Unknown (on spam domain list),idigelectronics.com
Unknown (on spam domain list),idigvideos.com
Unknown (on spam domain list),ilike2helpothers.com
Unknown (on spam domain list),ilike2invest.com
Unknown (on spam domain list),ilike2workout.com
Unknown (on spam domain list),ilikeelectronics.com
Unknown (on spam domain list),ilikeworkingout.com
Unknown (on spam domain list),ilovehomeprojects.com
Unknown (on spam domain list),iloveourteam.com
Unknown (on spam domain list),iloveworkingout.com
Unknown (on spam domain list),in2autos.net
Unknown (on spam domain list),interestedinthejob.com
Unknown (on spam domain list),intomotors.com
Unknown (on spam domain list),iwatchrealitytv.com
Unknown (on spam domain list),lemondrop.com
Unknown (on spam domain list),love2exercise.com
Unknown (on spam domain list),love2workout.com
Unknown (on spam domain list),lovefantasysports.com
Unknown (on spam domain list),lovetoexercise.com
Unknown (on spam domain list),luvfishing.com
Unknown (on spam domain list),luvgolfing.com
Unknown (on spam domain list),mail4me.com
Unknown (on spam domain list),majorgolfer.com
Unknown (on spam domain list),majorshopaholic.com
Unknown (on spam domain list),majortechie.com
Unknown (on spam domain list),mcom.com
Unknown (on spam domain list),motor-nut.com
Unknown (on spam domain list),moviefan.com
Unknown (on spam domain list),mycapitalsmail.com
Unknown (on spam domain list),mycatiscool.com
Unknown (on spam domain list),myfantasyteamrules.com
Unknown (on spam domain list),myteamisbest.com
Unknown (on spam domain list),news-fanatic.com
Unknown (on spam domain list),newspaperfan.com
Unknown (on spam domain list),onlinevideosrock.com
Unknown (on spam domain list),realbookfan.com
Unknown (on spam domain list),realhealthnut.com
Unknown (on spam domain list),realitytvaddict.net
Unknown (on spam domain list),realitytvnut.com
Unknown (on spam domain list),reallyintomusic.com
Unknown (on spam domain list),realtravelfan.com
Unknown (on spam domain list),redskinsfamily.com
Unknown (on spam domain list),redskinsfancentral.com
Unknown (on spam domain list),redskinsrule.com
Unknown (on spam domain list),redskinsultimatefan.com
Unknown (on spam domain list),scoutmail.com
Unknown (on spam domain list),skins4life.com
Unknown (on spam domain list),stargate2.com
Unknown (on spam domain list),stargateatlantis.com
Unknown (on spam domain list),stargatefanclub.com
Unknown (on spam domain list),stargatesg1.com
Unknown (on spam domain list),stargateu.com
Unknown (on spam domain list),switched.com
Unknown (on spam domain list),thegamefanatic.com
Unknown (on spam domain list),total-techie.com
Unknown (on spam domain list),totalfoodnut.com
Unknown (on spam domain list),totally-into-cooking.com
Unknown (on spam domain list),totallyintobaseball.com
Unknown (on spam domain list),totallyintobasketball.com
Unknown (on spam domain list),totallyintocooking.com
Unknown (on spam domain list),totallyintofootball.com
Unknown (on spam domain list),totallyintogolf.com
Unknown (on spam domain list),totallyintohockey.com
Unknown (on spam domain list),totallyintomusic.com
Unknown (on spam domain list),totallyintoreading.com
Unknown (on spam domain list),totallyintosports.com
Unknown (on spam domain list),totallyintotravel.com
Unknown (on spam domain list),totalmoviefan.com
Unknown (on spam domain list),travel2newplaces.com
Unknown (on spam domain list),tvchannelsurfer.com
Unknown (on spam domain list),videogamesrock.com
Unknown (on spam domain list),volunteeringisawesome.com
Unknown (on spam domain list),wayintocomputers.com
Unknown (on spam domain list),whatmail.com
Unknown (on spam domain list),when.com
Unknown (on spam domain list),wild4music.com
Unknown (on spam domain list),wildaboutelectronics.com
Unknown (on spam domain list),workingaroundthehouse.com
Unknown (on spam domain list),workingonthehouse.com
Unknown (on spam domain list),writesoon.com
Unknown (on spam domain list),xmasmail.com
Unknown (on spam domain list),arab.ir
Unknown (on spam domain list),denmark.ir
Unknown (on spam domain list),egypt.ir
Unknown (on spam domain list),icq.ir
Unknown (on spam domain list),ir.ae
Unknown (on spam domain list),ire.ir
Unknown (on spam domain list),ireland.ir
Unknown (on spam domain list),irr.ir
Unknown (on spam domain list),jpg.ir
Unknown (on spam domain list),ksa.ir
Unknown (on spam domain list),kuwait.ir
Unknown (on spam domain list),london.ir
Unknown (on spam domain list),paltalk.ir
Unknown (on spam domain list),sweden.ir
Unknown (on spam domain list),tokyo.ir
Unknown (on spam domain list),111mail.com
Unknown (on spam domain list),123iran.com
Unknown (on spam domain list),37.com
Unknown (on spam domain list),420email.com
Unknown (on spam domain list),4-music-today.com
Unknown (on spam domain list),actingbiz.com
Unknown (on spam domain list),allhiphop.com
Unknown (on spam domain list),anatomicrock.com
Unknown (on spam domain list),animeone.com
Unknown (on spam domain list),asiancutes.com
Unknown (on spam domain list),a-teens.net
Unknown (on spam domain list),ausi.com
Unknown (on spam domain list),autoindia.com
Unknown (on spam domain list),autopm.com
Unknown (on spam domain list),barriolife.com
Unknown (on spam domain list),b-boy.com
Unknown (on spam domain list),beautifulboy.com
Unknown (on spam domain list),bgay.com
Unknown (on spam domain list),bicycledata.com
Unknown (on spam domain list),bicycling.com
Unknown (on spam domain list),bigheavyworld.com
Unknown (on spam domain list),bigmailbox.net
Unknown (on spam domain list),bikerheaven.net
Unknown (on spam domain list),bikermail.com
Unknown (on spam domain list),billssite.com
Unknown (on spam domain list),blackandchristian.com
Unknown (on spam domain list),blackcity.net
Unknown (on spam domain list),blackvault.com
Unknown (on spam domain list),bmxtrix.com
Unknown (on spam domain list),boarderzone.com
Unknown (on spam domain list),boatnerd.com
Unknown (on spam domain list),bolbox.com
Unknown (on spam domain list),bongmail.com
Unknown (on spam domain list),bowl.com
Unknown (on spam domain list),byke.com
Unknown (on spam domain list),calle22.com
Unknown (on spam domain list),cannabismail.com
Unknown (on spam domain list),catlovers.com
Unknown (on spam domain list),certifiedbitches.com
Unknown (on spam domain list),championboxing.com
Unknown (on spam domain list),chillymail.com
Unknown (on spam domain list),classycouples.com
Unknown (on spam domain list),congiu.net
Unknown (on spam domain list),coolshit.com
Unknown (on spam domain list),corpusmail.com
Unknown (on spam domain list),cyberunlimited.org
Unknown (on spam domain list),cycledata.com
Unknown (on spam domain list),darkfear.com
Unknown (on spam domain list),darkforces.com
Unknown (on spam domain list),dirtythird.com
Unknown (on spam domain list),dopefiends.com
Unknown (on spam domain list),draac.com
Unknown (on spam domain list),drakmail.net
Unknown (on spam domain list),dr-dre.com
Unknown (on spam domain list),dreamstop.com
Unknown (on spam domain list),egypt.net
Unknown (on spam domain list),emailfast.com
Unknown (on spam domain list),envirocitizen.com
Unknown (on spam domain list),escapeartist.com
Unknown (on spam domain list),ezsweeps.com
Unknown (on spam domain list),farts.com
Unknown (on spam domain list),feelingnaughty.com
Unknown (on spam domain list),firemyst.com
Unknown (on spam domain list),freeonline.com
Unknown (on spam domain list),fudge.com
Unknown (on spam domain list),funkytimes.com
Unknown (on spam domain list),gamerssolution.com
Unknown (on spam domain list),gazabo.net
Unknown (on spam domain list),glittergrrrls.com
Unknown (on spam domain list),goatrance.com
Unknown (on spam domain list),goddess.com
Unknown (on spam domain list),gohip.com
Unknown (on spam domain list),gospelcity.com
Unknown (on spam domain list),greatautos.org
Unknown (on spam domain list),guy.com
Unknown (on spam domain list),haitisurf.com
Unknown (on spam domain list),happyhippo.com
Unknown (on spam domain list),hateinthebox.com
Unknown (on spam domain list),houseofhorrors.com
Unknown (on spam domain list),hugkiss.com
Unknown (on spam domain list),hullnumber.com
Unknown (on spam domain list),idunno4recipes.com
Unknown (on spam domain list),intimatefire.com
Unknown (on spam domain list),irow.com
Unknown (on spam domain list),jazzemail.com
Unknown (on spam domain list),juanitabynum.com
Unknown (on spam domain list),kanoodle.com
Unknown (on spam domain list),kickboxing.com
Unknown (on spam domain list),kidrock.com
Unknown (on spam domain list),kinkyemail.com
Unknown (on spam domain list),latinabarbie.com
Unknown (on spam domain list),latinogreeks.com
Unknown (on spam domain list),leesville.com
Unknown (on spam domain list),lowrider.com
Unknown (on spam domain list),madeniggaz.net
Unknown (on spam domain list),mailbomb.com
Unknown (on spam domain list),marillion.net
Unknown (on spam domain list),megarave.com
Unknown (on spam domain list),mofa.com
Unknown (on spam domain list),motley.com
Unknown (on spam domain list),music.com
Unknown (on spam domain list),musicsites.com
Unknown (on spam domain list),netbroadcaster.com
Unknown (on spam domain list),netfingers.com
Unknown (on spam domain list),nocharge.com
Unknown (on spam domain list),operationivy.com
Unknown (on spam domain list),paidoffers.net
Unknown (on spam domain list),pcbee.com
Unknown (on spam domain list),persian.com
Unknown (on spam domain list),petrofind.com
Unknown (on spam domain list),pinkcity.net
Unknown (on spam domain list),planetsmeg.com
Unknown (on spam domain list),poop.com
Unknown (on spam domain list),potsmokersnet.com
Unknown (on spam domain list),primetap.com
Unknown (on spam domain list),project420.com
Unknown (on spam domain list),puppetweb.com
Unknown (on spam domain list),rapstar.com
Unknown (on spam domain list),rapworld.com
Unknown (on spam domain list),rastamall.com
Unknown (on spam domain list),ratedx.net
Unknown (on spam domain list),relapsecult.com
Unknown (on spam domain list),remixer.com
Unknown (on spam domain list),romance106fm.com
Unknown (on spam domain list),singalongcenter.com
Unknown (on spam domain list),slayerized.com
Unknown (on spam domain list),specialoperations.com
Unknown (on spam domain list),speedymail.net
Unknown (on spam domain list),spells.com
Unknown (on spam domain list),streetracing.com
Unknown (on spam domain list),subspacemail.com
Unknown (on spam domain list),sugarray.com
Unknown (on spam domain list),superintendents.net
Unknown (on spam domain list),surfguiden.com
Unknown (on spam domain list),sweetwishes.com
Unknown (on spam domain list),tattoodesign.com
Unknown (on spam domain list),teamster.net
Unknown (on spam domain list),teenchatnow.com
Unknown (on spam domain list),the5thquarter.com
Unknown (on spam domain list),theblackmarket.com
Unknown (on spam domain list),troamail.org
Unknown (on spam domain list),u2tours.com
Unknown (on spam domain list),vitalogy.org
Unknown (on spam domain list),whatisthis.com
Unknown (on spam domain list),wrestlezone.com
Unknown (on spam domain list),agadir.cc
Unknown (on spam domain list),ahsa.ws
Unknown (on spam domain list),ajman.cc
Unknown (on spam domain list),ajman.us
Unknown (on spam domain list),ajman.ws
Unknown (on spam domain list),algerie.cc
Unknown (on spam domain list),cameroon.cc
Unknown (on spam domain list),dhahran.cc
Unknown (on spam domain list),djibouti.cc
Unknown (on spam domain list),eritrea.cc
Unknown (on spam domain list),fujairah.cc
Unknown (on spam domain list),fujairah.us
Unknown (on spam domain list),fujairah.ws
Unknown (on spam domain list),giza.cc
Unknown (on spam domain list),hebron.tv
Unknown (on spam domain list),homs.cc
Unknown (on spam domain list),ibra.cc
Unknown (on spam domain list),irbid.ws
Unknown (on spam domain list),kyrgyzstan.cc
Unknown (on spam domain list),lubnan.ws
Unknown (on spam domain list),madinah.cc
Unknown (on spam domain list),mansoura.tv
Unknown (on spam domain list),marrakesh.cc
Unknown (on spam domain list),mascara.ws
Unknown (on spam domain list),muscat.tv
Unknown (on spam domain list),muscat.ws
Unknown (on spam domain list),nabeul.info
Unknown (on spam domain list),nablus.cc
Unknown (on spam domain list),nador.cc
Unknown (on spam domain list),oued.org
Unknown (on spam domain list),pakistani.ws
Unknown (on spam domain list),palmyra.ws
Unknown (on spam domain list),quds.cc
Unknown (on spam domain list),safat.ws
Unknown (on spam domain list),sanaa.cc
Unknown (on spam domain list),sfax.ws
Unknown (on spam domain list),sinai.cc
Unknown (on spam domain list),tajikistan.cc
Unknown (on spam domain list),timor.cc
Unknown (on spam domain list),zambia.cc
Unknown (on spam domain list),a.org.ua
Unknown (on spam domain list),bmx.lv
Unknown (on spam domain list),coolmail.ru
Unknown (on spam domain list),dino.lv
Unknown (on spam domain list),eclub.lv
Unknown (on spam domain list),e-mail.am
Unknown (on spam domain list),hacker.am
Unknown (on spam domain list),human.lv
Unknown (on spam domain list),latchess.com
Unknown (on spam domain list),loveis.lv
Unknown (on spam domain list),pookmail.com
Unknown (on spam domain list),sexriga.lv